Data, Hum, Temp
2015-01-29_19:32:32,40,18
2015-01-29_19:33:32,41,18
2015-01-29_19:34:33,40,18
2015-01-29_19:35:33,40,18
2015-01-29_19:36:34,40,17
2015-01-29_19:37:34,40,18
2015-01-29_19:38:35,40,18
2015-01-29_19:39:35,40,18
2015-01-29_19:40:36,40,18
2015-01-29_19:41:36,40,18
2015-01-29_19:42:37,40,18
2015-01-29_19:43:37,40,18
2015-01-29_19:44:37,40,18
2015-01-29_19:45:38,40,18
2015-01-29_19:46:38,40,18
2015-01-29_19:47:39,40,18
2015-01-29_19:48:39,40,18
2015-01-29_19:49:40,40,18
2015-01-29_19:50:40,40,18
2015-01-29_19:51:41,40,18
2015-01-29_19:52:41,40,18
2015-01-29_19:53:42,40,18
2015-01-29_19:54:42,40,18
2015-01-29_19:55:43,40,18
2015-01-29_19:56:43,40,18
2015-01-29_19:57:44,40,18
2015-01-29_19:58:44,40,18
2015-01-29_19:59:44,40,18
2015-01-29_20:00:45,40,18
2015-01-29_20:01:46,40,18
2015-01-29_20:02:46,40,18
2015-01-29_20:03:47,40,18
2015-01-29_20:04:47,40,18
2015-01-29_20:05:48,40,18
2015-01-29_20:06:48,40,18
2015-01-29_20:07:48,40,18
2015-01-29_20:08:49,40,18
2015-01-29_20:09:49,40,18
2015-01-29_20:10:50,40,18
2015-01-29_20:11:50,40,18
2015-01-29_20:12:51,40,18
2015-01-29_20:13:51,40,18
2015-01-29_20:14:52,40,18
2015-01-29_20:15:52,40,18
2015-01-29_20:16:52,40,18
2015-01-29_20:17:53,40,18
2015-01-29_20:18:53,40,18
2015-01-29_20:19:54,40,18
2015-01-29_20:20:55,40,18
2015-01-29_20:21:55,40,18
2015-01-29_20:22:56,40,18
2015-01-29_20:23:56,40,18
2015-01-29_20:24:57,40,18
2015-01-29_20:25:57,40,18
2015-01-29_20:26:58,40,18
2015-01-29_20:27:58,40,18
2015-01-29_20:28:59,40,18
2015-01-29_20:29:59,40,18
2015-01-29_20:31:00,40,18
2015-01-29_20:32:00,40,18
2015-01-29_20:33:01,40,18
2015-01-29_20:34:01,40,18
2015-01-29_20:35:01,40,18
2015-01-29_20:36:02,40,18
2015-01-29_20:37:02,40,18
2015-01-29_20:38:03,40,18
2015-01-29_20:39:03,40,18
2015-01-29_20:40:04,40,18
2015-01-29_20:41:04,40,18
2015-01-29_20:42:05,40,18
2015-01-29_20:43:05,40,18
2015-01-29_20:44:06,40,18
2015-01-29_20:45:06,40,18
2015-01-29_20:46:07,40,18
2015-01-29_20:47:07,40,18
2015-01-29_20:48:08,40,18
2015-01-29_20:49:08,40,18
2015-01-29_20:50:09,40,18
2015-01-29_20:51:10,40,18
2015-01-29_20:52:11,40,18
2015-01-29_20:53:11,40,18
2015-01-29_20:54:12,40,18
2015-01-29_20:55:12,40,18
2015-01-29_20:56:13,40,18
2015-01-29_20:57:13,40,18
2015-01-29_20:58:14,40,18
2015-01-29_20:59:14,40,18
2015-01-29_21:00:15,40,18
2015-01-29_21:01:15,40,18
2015-01-29_21:02:16,40,18
2015-01-29_21:03:16,40,18
2015-01-29_21:04:16,40,18
2015-01-29_21:05:17,40,18
2015-01-29_21:06:17,40,18
2015-01-29_21:07:18,40,18
2015-01-29_21:08:19,40,18
2015-01-29_21:09:19,40,18
2015-01-29_21:10:19,40,18
2015-01-29_21:11:20,40,18
2015-01-29_21:12:20,40,18
2015-01-29_21:13:21,40,18
2015-01-29_21:14:22,40,18
2015-01-29_21:15:22,40,18
2015-01-29_21:16:23,40,18
2015-01-29_21:17:23,40,18
2015-01-29_21:18:23,40,18
2015-01-29_21:19:24,40,18
2015-01-29_21:20:24,40,18
2015-01-29_21:21:25,40,18
2015-01-29_21:22:25,40,18
2015-01-29_21:23:26,40,18
2015-01-29_21:24:26,40,18
2015-01-29_21:25:27,40,18
2015-01-29_21:26:27,40,18
2015-01-29_21:27:28,40,18
2015-01-29_21:28:28,40,18
2015-01-29_21:29:29,40,18
2015-01-29_21:30:29,40,18
2015-01-29_21:31:30,40,18
2015-01-29_21:32:30,40,18
2015-01-29_21:33:31,40,18
2015-01-29_21:34:31,40,18
2015-01-29_21:35:32,40,18
2015-01-29_21:36:32,40,18
2015-01-29_21:37:33,40,18
2015-01-29_21:38:33,40,18
2015-01-29_21:39:34,40,18
2015-01-29_21:40:34,40,18
2015-01-29_21:41:35,40,18
2015-01-29_21:42:35,40,18
2015-01-29_21:43:36,40,18
2015-01-29_21:44:36,40,18
2015-01-29_21:45:37,40,18
2015-01-29_21:46:37,40,18
2015-01-29_21:47:38,40,18
2015-01-29_21:48:39,40,18
2015-01-29_21:49:39,40,18
2015-01-29_21:50:40,40,18
2015-01-29_21:51:40,40,18
2015-01-29_21:52:40,40,18
2015-01-29_21:53:41,40,18
2015-01-29_21:54:41,40,18
2015-01-29_21:55:42,40,18
2015-01-29_21:56:42,40,18
2015-01-29_21:57:43,40,18
2015-01-29_21:58:43,40,18
2015-01-29_21:59:44,40,18
2015-01-29_22:00:44,40,18
2015-01-29_22:01:45,40,18
2015-01-29_22:02:46,40,18
2015-01-29_22:03:46,40,18
2015-01-29_22:04:47,40,18
2015-01-29_22:05:47,40,18
2015-01-29_22:06:48,40,18
2015-01-29_22:07:48,40,18
2015-01-29_22:08:49,40,18
2015-01-29_22:09:49,40,18
2015-01-29_22:10:50,40,18
2015-01-29_22:11:50,40,18
2015-01-29_22:12:51,40,18
2015-01-29_22:13:51,40,18
2015-01-29_22:14:52,40,18
2015-01-29_22:15:52,40,18
2015-01-29_22:16:53,40,18
2015-01-29_22:17:53,40,18
2015-01-29_22:18:54,40,18
2015-01-29_22:19:56,40,18
2015-01-29_22:20:24,40,18
2015-01-29_22:30:24,40,18
2015-01-29_22:40:25,40,18
2015-01-29_22:50:25,40,18
2015-01-29_23:00:26,40,18
2015-01-29_23:10:26,40,18
2015-01-29_23:20:27,40,18
2015-01-29_23:30:27,40,18
2015-01-29_23:40:28,40,18
2015-01-29_23:50:28,40,18
2015-01-30_00:00:29,40,18
2015-01-30_00:10:29,40,18
2015-01-30_00:20:30,40,18
2015-01-30_00:30:30,40,18
2015-01-30_00:40:31,40,18
2015-01-30_00:50:32,40,18
2015-01-30_01:00:32,40,18
2015-01-30_01:10:33,40,18
2015-01-30_01:20:33,40,18
2015-01-30_01:30:34,40,18
2015-01-30_01:40:34,40,18
2015-01-30_01:50:35,40,18
2015-01-30_02:00:35,40,18
2015-01-30_02:10:36,40,17
2015-01-30_02:20:36,39,17
2015-01-30_02:30:37,40,17
2015-01-30_02:40:37,40,17
2015-01-30_02:50:38,40,17
2015-01-30_03:00:38,40,17
2015-01-30_03:10:39,39,17
2015-01-30_03:20:40,40,17
2015-01-30_03:30:40,40,17
2015-01-30_03:40:41,40,17
2015-01-30_03:50:41,39,17
2015-01-30_04:00:42,39,17
2015-01-30_04:10:42,39,17
2015-01-30_04:20:43,40,17
2015-01-30_04:30:43,39,17
2015-01-30_04:40:44,39,17
2015-01-30_04:50:45,39,17
2015-01-30_05:00:46,39,17
2015-01-30_05:10:46,39,17
2015-01-30_05:20:47,39,17
2015-01-30_05:30:47,39,17
2015-01-30_05:40:48,39,17
2015-01-30_05:50:48,40,17
2015-01-30_06:00:49,39,17
2015-01-30_06:10:49,39,17
2015-01-30_06:20:50,39,17
2015-01-30_06:30:50,40,17
2015-01-30_06:40:51,40,17
2015-01-30_06:50:52,39,17
2015-01-30_07:00:52,40,17
2015-01-30_07:10:53,40,17
2015-01-30_07:20:53,39,17
2015-01-30_07:30:54,40,18
2015-01-30_07:40:54,40,18
2015-01-30_07:50:55,39,18
2015-01-30_08:00:55,39,18
2015-01-30_08:10:56,40,18
2015-01-30_08:20:56,39,18
2015-01-30_08:30:57,39,18
2015-01-30_08:40:57,39,18
2015-01-30_08:50:58,40,18
2015-01-30_09:00:58,40,18
2015-01-30_09:10:59,39,18
2015-01-30_09:20:59,40,18
2015-01-30_09:31:00,39,18
2015-01-30_09:41:00,39,18
2015-01-30_09:51:01,39,18
2015-01-30_10:01:02,39,18
2015-01-30_10:11:02,39,18
2015-01-30_10:21:02,39,18
2015-01-30_10:31:03,39,18
2015-01-30_10:41:04,39,18
2015-01-30_10:51:04,39,18
2015-01-30_11:01:05,40,18
2015-01-30_11:11:05,39,18
2015-01-30_11:21:06,39,18
2015-01-30_11:31:06,39,18
2015-01-30_11:41:07,39,18
2015-01-30_11:51:07,39,18
2015-01-30_12:01:08,39,18
2015-01-30_12:11:09,39,18
2015-01-30_12:21:09,39,18
2015-01-30_12:31:10,39,18
2015-01-30_12:41:10,39,18
2015-01-30_12:51:11,39,18
2015-01-30_13:01:11,39,18
2015-01-30_13:11:12,39,18
2015-01-30_13:21:12,39,18
2015-01-30_13:31:13,39,18
2015-01-30_13:41:13,39,18
2015-01-30_13:51:14,39,18
2015-01-30_14:01:14,39,18
2015-01-30_14:11:15,39,18
2015-01-30_14:21:15,39,18
2015-01-30_14:31:16,39,18
2015-01-30_14:41:16,39,18
2015-01-30_14:51:17,39,18
2015-01-30_15:01:17,39,18
2015-01-30_15:11:18,39,18
2015-01-30_15:21:19,39,18
2015-01-30_15:31:19,39,18
2015-01-30_15:41:20,39,18
2015-01-30_15:51:20,38,18
2015-01-30_16:01:21,38,18
2015-01-30_16:11:21,38,18
2015-01-30_16:21:22,38,18
2015-01-30_16:31:22,38,18
2015-01-30_16:41:23,39,18
2015-01-30_16:51:23,38,18
2015-01-30_17:01:24,38,18
2015-01-30_17:11:24,39,18
2015-01-30_17:21:25,39,18
2015-01-30_17:31:25,39,18
2015-01-30_17:41:26,39,18
2015-01-30_17:51:26,39,18
2015-01-30_18:01:27,39,18
2015-01-30_18:11:28,39,18
2015-01-30_18:21:28,39,18
2015-01-30_18:31:29,39,18
2015-01-30_18:41:29,40,18
2015-01-30_18:51:30,40,18
2015-01-30_19:01:30,40,18
2015-01-30_19:11:31,40,18
2015-01-30_19:21:31,40,18
2015-01-30_19:31:32,41,18
2015-01-30_19:41:32,40,18
2015-01-30_19:51:33,40,18
2015-01-30_20:01:33,41,18
2015-01-30_20:11:34,41,18
2015-01-30_20:21:34,41,18
2015-01-30_20:31:35,41,18
2015-01-30_20:41:35,41,18
2015-01-30_20:51:36,41,18
2015-01-30_21:01:37,41,18
2015-01-30_21:11:37,40,18
2015-01-30_21:21:38,40,18
2015-01-30_21:31:38,41,18
2015-01-30_21:41:39,40,18
2015-01-30_21:51:39,40,18
2015-01-30_22:01:40,40,18
2015-01-30_22:11:40,40,18
2015-01-30_22:21:41,41,18
2015-01-30_22:31:41,41,18
2015-01-30_22:41:42,41,18
2015-01-30_22:51:42,41,18
2015-01-30_23:01:43,41,18
2015-01-30_23:11:43,42,18
2015-01-30_23:21:44,41,18
2015-01-30_23:31:45,41,18
2015-01-30_23:41:45,42,18
2015-01-30_23:51:46,42,18
2015-01-31_00:01:46,42,18
2015-01-31_00:11:47,42,18
2015-01-31_00:21:47,42,18
2015-01-31_00:31:48,41,18
2015-01-31_00:41:48,41,17
2015-01-31_00:51:49,41,17
2015-01-31_01:01:49,41,17
2015-01-31_01:11:50,41,17
2015-01-31_01:21:50,41,17
2015-01-31_01:31:51,41,17
2015-01-31_01:41:52,41,17
2015-01-31_01:51:52,41,17
2015-01-31_02:01:53,41,17
2015-01-31_02:11:54,42,17
2015-01-31_02:21:55,41,17
2015-01-31_02:31:55,41,17
2015-01-31_02:41:56,41,17
2015-01-31_02:51:56,41,17
2015-01-31_03:01:57,41,17
2015-01-31_03:11:57,41,17
2015-01-31_03:21:58,41,17
2015-01-31_03:31:58,41,17
2015-01-31_03:41:59,41,17
2015-01-31_03:51:59,41,17
2015-01-31_04:02:00,41,17
2015-01-31_04:12:01,41,17
2015-01-31_04:22:01,41,17
2015-01-31_04:32:02,42,17
2015-01-31_04:42:02,42,16
2015-01-31_04:52:03,42,16
2015-01-31_05:02:03,42,16
2015-01-31_05:12:04,42,16
2015-01-31_05:22:04,42,16
2015-01-31_05:32:05,42,16
2015-01-31_05:42:05,42,16
2015-01-31_05:52:06,42,16
2015-01-31_06:02:06,42,16
2015-01-31_06:12:07,42,16
2015-01-31_06:22:07,42,17
2015-01-31_06:32:08,41,17
2015-01-31_06:42:08,42,17
2015-01-31_06:52:09,41,17
2015-01-31_07:02:10,41,17
2015-01-31_07:12:10,41,17
2015-01-31_07:22:11,41,18
2015-01-31_07:32:11,41,18
2015-01-31_07:42:12,41,18
2015-01-31_07:52:12,41,18
2015-01-31_08:02:13,41,18
2015-01-31_08:12:13,41,18
2015-01-31_08:22:14,41,18
2015-01-31_08:32:14,40,19
2015-01-31_08:42:15,40,18
2015-01-31_08:52:16,40,18
2015-01-31_09:02:16,41,18
2015-01-31_09:12:17,41,18
2015-01-31_09:22:17,40,19
2015-01-31_09:32:18,40,19
2015-01-31_09:42:18,40,19
2015-01-31_09:52:19,41,18
2015-01-31_10:02:19,41,18
2015-01-31_10:12:20,41,18
2015-01-31_10:22:20,41,18
2015-01-31_10:32:21,41,18
2015-01-31_10:42:21,40,18
2015-01-31_10:52:22,40,18
2015-01-31_11:02:23,40,18
2015-01-31_11:12:23,40,18
2015-01-31_11:22:24,40,18
2015-01-31_11:32:24,40,18
2015-01-31_11:42:25,40,18
2015-01-31_11:52:26,40,18
2015-01-31_12:02:26,40,18
2015-01-31_12:12:27,40,18
2015-01-31_12:22:27,40,18
2015-01-31_12:32:28,40,18
2015-01-31_12:42:28,40,18
2015-01-31_12:52:29,40,18
2015-01-31_13:02:29,40,18
2015-01-31_13:12:30,40,18
2015-01-31_13:22:31,40,18
2015-01-31_13:32:31,40,18
2015-01-31_13:42:32,40,18
2015-01-31_13:52:32,40,18
2015-01-31_14:02:33,40,18
2015-01-31_14:12:33,39,18
2015-01-31_14:22:34,39,18
2015-01-31_14:32:34,39,18
2015-01-31_14:42:35,39,18
2015-01-31_14:52:35,39,18
2015-01-31_15:02:36,39,18
2015-01-31_15:12:36,39,18
2015-01-31_15:22:37,39,18
2015-01-31_15:32:38,39,18
2015-01-31_15:42:38,39,18
2015-01-31_15:52:39,39,18
2015-01-31_16:02:39,39,18
2015-01-31_16:12:40,39,18
2015-01-31_16:22:40,39,18
2015-01-31_16:32:41,39,18
2015-01-31_16:42:41,39,18
2015-01-31_16:52:42,39,18
2015-01-31_17:02:42,39,18
2015-01-31_17:12:43,39,18
2015-01-31_17:22:44,39,18
2015-01-31_17:32:44,39,18
2015-01-31_17:42:45,39,18
2015-01-31_17:52:45,39,18
2015-01-31_18:02:46,39,18
2015-01-31_18:12:46,39,18
2015-01-31_18:22:47,39,18
2015-01-31_18:32:47,39,18
2015-01-31_18:42:48,39,18
2015-01-31_18:52:48,39,18
2015-01-31_19:02:49,40,18
2015-01-31_19:12:49,39,18
2015-01-31_19:22:50,39,18
2015-01-31_19:32:50,39,18
2015-01-31_19:42:51,39,18
2015-01-31_19:52:51,39,18
2015-01-31_20:02:52,39,18
2015-01-31_20:12:53,39,18
2015-01-31_20:22:53,39,18
2015-01-31_20:32:54,39,18
2015-01-31_20:42:54,39,18
2015-01-31_20:52:55,39,18
2015-01-31_21:02:55,39,18
2015-01-31_21:12:56,39,18
2015-01-31_21:22:56,39,18
2015-01-31_21:32:57,39,18
2015-01-31_21:42:57,39,18
2015-01-31_21:52:58,39,18
2015-01-31_22:02:58,39,18
2015-01-31_22:12:59,39,18
2015-01-31_22:22:59,39,18
2015-01-31_22:33:00,39,18
2015-01-31_22:43:00,39,18
2015-01-31_22:53:01,39,18
2015-01-31_23:03:02,39,18
2015-01-31_23:13:02,39,18
2015-01-31_23:23:03,39,18
2015-01-31_23:33:04,39,18
2015-01-31_23:43:04,39,18
2015-01-31_23:53:05,39,18
2015-02-01_00:03:06,39,18
2015-02-01_00:13:06,39,18
2015-02-01_00:23:07,39,18
2015-02-01_00:33:07,39,18
2015-02-01_00:43:08,39,18
2015-02-01_00:53:08,39,18
2015-02-01_01:03:09,39,17
2015-02-01_01:13:09,39,17
2015-02-01_01:23:10,39,17
2015-02-01_01:33:10,39,17
2015-02-01_01:43:11,39,17
2015-02-01_01:53:11,39,17
2015-02-01_02:03:12,39,17
2015-02-01_02:13:12,39,17
2015-02-01_02:23:13,39,17
2015-02-01_02:33:14,39,17
2015-02-01_02:43:14,39,17
2015-02-01_02:53:15,39,17
2015-02-01_03:03:15,39,17
2015-02-01_03:13:16,39,17
2015-02-01_03:23:16,39,17
2015-02-01_03:33:17,39,17
2015-02-01_03:43:17,39,17
2015-02-01_03:53:18,39,17
2015-02-01_04:03:18,39,17
2015-02-01_04:13:19,39,17
2015-02-01_04:23:20,40,16
2015-02-01_04:33:20,40,16
2015-02-01_04:43:21,40,16
2015-02-01_04:53:21,40,16
2015-02-01_05:03:22,40,16
2015-02-01_05:13:22,40,16
2015-02-01_05:23:23,40,16
2015-02-01_05:33:23,40,16
2015-02-01_05:43:24,40,16
2015-02-01_05:53:24,40,16
2015-02-01_06:03:25,40,16
2015-02-01_06:13:25,39,17
2015-02-01_06:23:26,39,17
2015-02-01_06:33:26,39,17
2015-02-01_06:43:27,39,17
2015-02-01_06:53:27,39,17
2015-02-01_07:03:28,39,17
2015-02-01_07:13:28,39,17
2015-02-01_07:23:29,39,17
2015-02-01_07:33:30,39,18
2015-02-01_07:43:30,39,18
2015-02-01_07:53:31,39,18
2015-02-01_08:03:31,38,19
2015-02-01_08:13:32,38,20
2015-02-01_08:23:32,38,20
2015-02-01_08:33:33,37,21
2015-02-01_08:43:33,38,20
2015-02-01_10:20:46,39,18
2015-02-01_10:30:46,39,18
2015-02-01_10:40:47,39,18
2015-02-01_10:50:47,39,18
2015-02-01_11:00:48,39,18
2015-02-01_11:10:48,39,18
2015-02-01_11:30:09,39,18
2015-02-01_11:40:09,39,18
2015-02-01_11:50:10,39,18
2015-02-01_12:00:10,39,18
2015-02-01_12:10:11,39,18
2015-02-01_12:20:11,39,18
2015-02-01_12:30:12,39,18
2015-02-01_12:40:12,39,18
2015-02-01_12:50:13,39,18
2015-02-01_13:00:13,39,18
2015-02-01_13:10:14,39,18
2015-02-01_13:20:14,39,18
2015-02-01_13:30:15,39,18
2015-02-01_13:40:15,39,18
2015-02-01_13:50:16,39,18
2015-02-01_14:00:16,39,18
2015-02-01_14:10:17,39,18
2015-02-01_14:20:17,39,18
2015-02-01_14:30:18,39,18
2015-02-01_14:40:18,39,18
2015-02-01_14:50:19,39,18
2015-02-01_15:00:19,39,18
2015-02-01_15:10:20,39,18
2015-02-01_15:20:20,38,18
2015-02-01_15:30:21,38,18
2015-02-01_15:40:21,38,18
2015-02-01_15:50:22,38,18
2015-02-01_16:00:22,38,18
2015-02-01_16:10:23,38,18
2015-02-01_16:20:23,38,18
2015-02-01_16:30:24,38,18
2015-02-01_16:40:24,38,18
2015-02-01_16:50:25,38,18
2015-02-01_17:00:25,38,18
2015-02-01_17:10:26,38,18
2015-02-01_17:20:26,38,18
2015-02-01_17:30:27,38,18
2015-02-01_17:40:27,38,18
2015-02-01_17:50:28,38,18
2015-02-01_18:00:28,38,18
2015-02-01_18:10:29,38,18
2015-02-01_18:20:29,38,18
2015-02-01_18:30:30,38,18
2015-02-01_18:40:30,38,18
2015-02-01_18:50:31,38,18
2015-02-01_19:00:31,38,18
2015-02-01_19:10:32,39,18
2015-02-01_19:20:33,39,18
2015-02-01_19:30:33,38,18
2015-02-01_19:40:34,37,19
2015-02-01_19:50:34,37,19
2015-02-01_20:00:35,37,19
2015-02-01_20:10:35,37,19
2015-02-01_20:20:36,37,19
2015-02-01_20:30:36,39,18
2015-02-01_20:40:37,38,18
2015-02-01_20:50:37,39,18
2015-02-01_21:00:38,39,18
2015-02-01_21:10:38,38,18
2015-02-01_21:20:39,38,18
2015-02-01_21:30:39,39,18
2015-02-01_21:40:40,39,18
2015-02-01_21:50:40,39,18
2015-02-01_22:00:41,39,18
2015-02-01_22:10:41,39,18
2015-02-01_22:20:42,39,18
2015-02-01_22:30:42,39,18
2015-02-01_22:40:44,38,19
2015-02-01_22:50:44,38,19
2015-02-01_23:00:45,38,19
2015-02-01_23:10:45,38,19
2015-02-01_23:20:46,39,18
2015-02-01_23:30:46,39,18
2015-02-01_23:40:47,39,18
2015-02-01_23:50:47,39,18
2015-02-02_00:00:48,39,18
2015-02-02_00:10:49,39,18
2015-02-02_00:20:49,39,18
2015-02-02_00:30:50,39,18
2015-02-02_00:40:50,39,18
2015-02-02_00:50:51,39,18
2015-02-02_01:00:51,39,18
2015-02-02_01:10:52,38,18
2015-02-02_01:20:52,39,18
2015-02-02_01:30:53,38,18
2015-02-02_01:40:53,38,18
2015-02-02_01:50:54,39,18
2015-02-02_02:00:54,38,17
2015-02-02_02:10:55,39,17
2015-02-02_02:20:55,39,17
2015-02-02_02:30:56,38,17
2015-02-02_02:40:56,38,17
2015-02-02_02:50:57,38,17
2015-02-02_03:00:57,38,17
2015-02-02_03:10:58,38,17
2015-02-02_03:20:59,38,17
2015-02-02_03:30:59,38,17
2015-02-02_03:41:00,38,17
2015-02-02_03:51:00,38,17
2015-02-02_04:01:01,38,17
2015-02-02_04:11:01,38,17
2015-02-02_04:21:02,39,17
2015-02-02_04:31:02,38,17
2015-02-02_04:41:03,38,17
2015-02-02_04:51:03,38,17
2015-02-02_05:01:04,39,17
2015-02-02_05:11:04,38,17
2015-02-02_05:21:05,38,17
2015-02-02_05:31:05,39,16
2015-02-02_05:41:06,39,16
2015-02-02_05:51:06,38,17
2015-02-02_06:01:07,38,17
2015-02-02_06:11:07,38,17
2015-02-02_06:21:08,38,17
2015-02-02_06:31:08,38,17
2015-02-02_06:41:09,38,17
2015-02-02_06:51:09,38,17
2015-02-02_07:01:10,38,17
2015-02-02_07:11:10,38,17
2015-02-02_07:21:11,38,17
2015-02-02_07:31:11,38,18
2015-02-02_07:41:12,37,19
2015-02-02_07:51:12,37,19
2015-02-02_08:01:13,37,19
2015-02-02_08:11:13,38,20
2015-02-02_08:21:14,37,19
2015-02-02_08:31:15,37,19
2015-02-02_08:41:15,37,19
2015-02-02_08:51:16,36,21
2015-02-02_09:01:16,36,22
2015-02-02_09:11:17,36,21
2015-02-02_09:21:17,37,20
2015-02-02_09:31:18,37,20
2015-02-02_09:41:18,37,20
2015-02-02_09:51:19,38,18
2015-02-02_10:01:19,38,18
2015-02-02_10:11:20,38,18
2015-02-02_10:21:20,38,18
2015-02-02_10:31:21,38,18
2015-02-02_10:41:21,38,18
2015-02-02_10:51:22,38,18
2015-02-02_11:01:22,38,18
2015-02-02_11:11:23,38,18
2015-02-02_11:21:23,38,18
2015-02-02_11:31:24,38,18
2015-02-02_11:41:24,38,18
2015-02-02_11:51:25,39,18
2015-02-02_12:01:25,39,18
2015-02-02_12:11:26,39,18
2015-02-02_12:21:26,39,18
2015-02-02_12:31:27,39,18
2015-02-02_12:41:27,39,18
2015-02-02_12:51:28,39,18
2015-02-02_13:01:29,39,18
2015-02-02_13:11:29,39,18
2015-02-02_13:21:30,39,18
2015-02-02_13:31:30,39,18
2015-02-02_13:41:31,39,18
2015-02-02_13:51:31,39,18
2015-02-02_14:01:32,39,18
2015-02-02_14:11:32,39,18
2015-02-02_14:21:33,39,18
2015-02-02_14:31:33,39,18
2015-02-02_14:41:33,39,18
2015-02-02_14:51:34,39,18
2015-02-02_15:01:35,39,18
2015-02-02_15:11:35,39,18
2015-02-02_15:21:35,39,18
2015-02-02_15:31:36,39,18
2015-02-02_15:41:36,39,18
2015-02-02_15:51:37,39,18
2015-02-02_16:01:38,39,18
2015-02-02_16:11:38,39,18
2015-02-02_16:21:39,39,18
2015-02-02_16:31:39,39,18
2015-02-02_16:41:40,39,18
2015-02-02_16:51:40,39,18
2015-02-02_17:01:40,39,18
2015-02-02_17:11:41,39,18
2015-02-02_17:21:42,39,18
2015-02-02_17:31:42,39,18
2015-02-02_17:41:43,39,18
2015-02-02_17:51:43,39,18
2015-02-02_18:01:44,39,18
2015-02-02_18:11:44,39,18
2015-02-02_18:21:45,39,18
2015-02-02_18:31:45,39,18
2015-02-02_18:41:46,39,18
2015-02-02_18:51:46,39,18
2015-02-02_19:01:47,39,18
2015-02-02_19:11:47,39,18
2015-02-02_19:21:48,39,18
2015-02-02_19:31:48,39,18
2015-02-02_19:41:49,39,18
2015-02-02_19:51:49,39,18
2015-02-02_20:01:51,39,18
2015-02-02_20:11:51,39,18
2015-02-02_20:21:52,39,18
2015-02-02_20:31:52,39,18
2015-02-02_20:41:53,39,18
2015-02-02_20:51:53,39,18
2015-02-02_21:01:54,39,18
2015-02-02_21:11:54,39,18
2015-02-02_21:21:55,39,18
2015-02-02_21:31:55,39,18
2015-02-02_21:41:56,39,18
2015-02-02_21:51:56,39,18
2015-02-02_22:01:57,39,18
2015-02-02_22:11:57,39,18
2015-02-02_22:21:58,39,18
2015-02-02_22:31:58,39,18
2015-02-02_22:41:59,39,18
2015-02-02_22:51:59,39,18
2015-02-02_23:02:00,39,18
2015-02-02_23:12:00,39,18
2015-02-02_23:22:01,39,18
2015-02-02_23:32:01,39,18
2015-02-02_23:42:02,39,18
2015-02-02_23:52:02,39,18
2015-02-03_00:02:03,39,18
2015-02-03_00:12:03,39,18
2015-02-03_00:22:04,39,18
2015-02-03_00:32:04,39,18
2015-02-03_00:42:05,39,18
2015-02-03_00:52:05,39,18
2015-02-03_01:02:06,39,18
2015-02-03_01:12:07,39,18
2015-02-03_01:22:07,39,17
2015-02-03_01:32:07,39,17
2015-02-03_01:42:08,39,17
2015-02-03_01:52:08,39,17
2015-02-03_02:02:09,39,17
2015-02-03_02:12:09,39,17
2015-02-03_02:22:10,39,17
2015-02-03_02:32:10,39,17
2015-02-03_02:42:11,39,17
2015-02-03_02:52:11,39,17
2015-02-03_03:02:12,39,17
2015-02-03_03:12:12,39,17
2015-02-03_03:22:13,39,17
2015-02-03_03:32:13,39,17
2015-02-03_03:42:14,39,17
2015-02-03_03:52:14,39,17
2015-02-03_04:02:15,39,17
2015-02-03_04:12:16,39,17
2015-02-03_04:22:16,39,17
2015-02-03_04:32:17,39,17
2015-02-03_04:42:17,39,17
2015-02-03_04:52:18,39,16
2015-02-03_05:02:18,40,16
2015-02-03_05:12:19,40,16
2015-02-03_05:22:19,39,16
2015-02-03_05:32:20,40,16
2015-02-03_05:42:20,39,17
2015-02-03_05:52:21,38,17
2015-02-03_06:02:21,38,17
2015-02-03_06:12:22,39,17
2015-02-03_06:22:22,39,17
2015-02-03_06:32:23,39,17
2015-02-03_06:42:23,39,17
2015-02-03_06:52:24,39,17
2015-02-03_07:02:24,39,17
2015-02-03_07:12:25,39,17
2015-02-03_07:22:25,39,17
2015-02-03_07:32:26,38,17
2015-02-03_07:42:26,38,17
2015-02-03_07:52:27,38,17
2015-02-03_08:02:27,38,17
2015-02-03_08:12:28,38,18
2015-02-03_08:22:28,38,18
2015-02-03_08:32:28,39,18
2015-02-03_08:42:29,39,18
2015-02-03_08:52:30,39,18
2015-02-03_09:02:30,38,18
2015-02-03_09:12:31,39,18
2015-02-03_09:22:31,39,18
2015-02-03_09:32:32,39,18
2015-02-03_09:42:32,39,18
2015-02-03_09:52:33,39,18
2015-02-03_10:02:33,39,18
2015-02-03_10:12:34,39,18
2015-02-03_10:22:34,39,18
2015-02-03_10:32:35,38,18
2015-02-03_10:42:35,39,18
2015-02-03_10:52:36,39,18
2015-02-03_11:02:36,39,18
2015-02-03_11:12:37,39,18
2015-02-03_11:22:37,39,18
2015-02-03_11:32:38,39,18
2015-02-03_11:42:38,38,18
2015-02-03_11:52:39,38,18
2015-02-03_12:02:39,39,18
2015-02-03_12:12:40,39,18
2015-02-03_12:22:40,39,18
2015-02-03_12:32:41,38,18
2015-02-03_12:42:41,39,18
2015-02-03_12:52:42,39,18
2015-02-03_13:02:42,39,18
2015-02-03_13:12:43,39,18
2015-02-03_13:22:43,39,18
2015-02-03_13:32:44,39,18
2015-02-03_13:42:44,39,18
2015-02-03_13:52:45,39,18
2015-02-03_14:02:45,39,18
2015-02-03_14:12:46,39,18
2015-02-03_14:22:46,39,18
2015-02-03_14:32:47,39,18
2015-02-03_14:42:47,39,18
2015-02-03_14:52:48,39,18
2015-02-03_15:02:48,39,18
2015-02-03_15:12:49,39,18
2015-02-03_15:22:49,39,18
2015-02-03_15:32:50,39,18
2015-02-03_15:42:50,39,18
2015-02-03_15:52:51,39,18
2015-02-03_16:02:51,39,18
2015-02-03_16:12:52,39,18
2015-02-03_16:22:52,39,18
2015-02-03_16:32:53,39,18
2015-02-03_16:42:54,39,18
2015-02-03_16:52:54,39,18
2015-02-03_17:02:55,39,18
2015-02-03_17:12:55,39,18
2015-02-03_17:22:56,39,17
2015-02-03_17:32:57,39,17
2015-02-03_17:42:57,39,17
2015-02-03_17:52:58,39,18
2015-02-03_18:02:58,39,18
2015-02-03_18:12:59,39,18
2015-02-03_18:22:59,39,18
2015-02-03_18:33:00,39,18
2015-02-03_18:43:00,39,17
2015-02-03_18:53:01,39,17
2015-02-03_19:03:01,39,17
2015-02-03_19:13:02,39,17
2015-02-03_19:23:02,39,18
2015-02-03_19:33:03,39,18
2015-02-03_19:43:03,39,17
2015-02-03_19:53:04,39,18
2015-02-03_20:03:04,39,18
2015-02-03_20:13:05,39,18
2015-02-03_20:23:05,39,17
2015-02-03_20:33:06,39,18
2015-02-03_20:43:06,39,18
2015-02-03_20:53:07,39,18
2015-02-03_21:03:07,39,18
2015-02-03_21:13:08,39,18
2015-02-03_21:23:08,39,18
2015-02-03_21:33:09,39,18
2015-02-03_21:43:09,39,18
2015-02-03_21:53:10,39,18
2015-02-03_22:03:10,39,18
2015-02-03_22:13:11,40,18
2015-02-03_22:23:11,39,18
2015-02-03_22:33:12,39,18
2015-02-03_22:43:12,39,18
2015-02-03_22:53:13,39,18
2015-02-03_23:03:13,39,18
2015-02-03_23:13:14,39,18
2015-02-03_23:23:14,39,18
2015-02-03_23:33:15,39,18
2015-02-03_23:43:15,39,18
2015-02-03_23:53:16,39,18
2015-02-04_00:03:16,39,18
2015-02-04_00:13:17,39,18
2015-02-04_00:23:17,39,17
2015-02-04_00:33:18,39,17
2015-02-04_00:43:18,39,17
2015-02-04_00:53:19,39,17
2015-02-04_01:03:19,39,17
2015-02-04_01:13:20,39,17
2015-02-04_01:23:20,39,17
2015-02-04_01:33:21,39,17
2015-02-04_01:43:21,39,17
2015-02-04_01:53:22,39,17
2015-02-04_02:03:23,39,17
2015-02-04_02:13:23,39,17
2015-02-04_02:23:24,39,17
2015-02-04_02:33:24,39,17
2015-02-04_02:43:25,39,17
2015-02-04_02:53:25,39,17
2015-02-04_03:03:26,39,17
2015-02-04_03:13:26,39,17
2015-02-04_03:23:27,39,17
2015-02-04_03:33:27,39,17
2015-02-04_03:43:28,39,17
2015-02-04_03:53:28,39,17
2015-02-04_04:03:29,40,16
2015-02-04_04:13:29,40,16
2015-02-04_04:23:30,40,16
2015-02-04_04:33:30,40,16
2015-02-04_04:43:30,40,16
2015-02-04_04:53:31,40,16
2015-02-04_05:03:31,40,16
2015-02-04_05:13:32,40,16
2015-02-04_05:23:32,40,16
2015-02-04_05:33:33,40,16
2015-02-04_05:43:33,40,16
2015-02-04_05:53:34,39,17
2015-02-04_06:03:34,39,17
2015-02-04_06:13:35,39,17
2015-02-04_06:23:35,39,17
2015-02-04_06:33:36,39,17
2015-02-04_06:43:36,39,17
2015-02-04_06:53:37,39,17
2015-02-04_07:03:37,39,17
2015-02-04_07:13:38,39,17
2015-02-04_07:23:38,39,17
2015-02-04_07:33:39,39,17
2015-02-04_07:43:39,39,17
2015-02-04_07:53:40,39,17
2015-02-04_08:03:40,39,17
2015-02-04_08:13:41,39,17
2015-02-04_08:23:42,39,17
2015-02-04_08:33:42,39,17
2015-02-04_08:43:43,39,17
2015-02-04_08:53:43,39,17
2015-02-04_09:03:43,39,17
2015-02-04_09:13:44,39,17
2015-02-04_09:23:44,39,17
2015-02-04_09:33:45,39,18
2015-02-04_09:43:45,39,18
2015-02-04_09:53:46,39,18
2015-02-04_10:03:47,39,18
2015-02-04_10:13:47,39,18
2015-02-04_10:23:48,39,18
2015-02-04_10:33:48,39,18
2015-02-04_10:43:49,39,18
2015-02-04_10:53:49,39,18
2015-02-04_11:03:50,39,18
2015-02-04_11:13:50,39,18
2015-02-04_11:23:51,39,18
2015-02-04_11:33:51,39,18
2015-02-04_11:43:52,39,18
2015-02-04_11:53:52,39,18
2015-02-04_12:03:53,39,18
2015-02-04_12:13:53,39,18
2015-02-04_12:23:54,39,18
2015-02-04_12:33:54,39,18
2015-02-04_12:43:55,39,18
2015-02-04_12:53:55,39,18
2015-02-04_13:03:56,39,18
2015-02-04_13:13:56,39,18
2015-02-04_13:23:57,39,17
2015-02-04_13:33:57,39,17
2015-02-04_13:43:58,39,17
2015-02-04_13:53:58,39,17
2015-02-04_14:03:59,39,17
2015-02-04_14:13:59,39,17
2015-02-04_14:24:00,39,17
2015-02-04_14:34:00,39,18
2015-02-04_14:44:02,39,18
2015-02-04_14:54:02,39,18
2015-02-04_15:04:03,39,18
2015-02-04_15:14:03,39,18
2015-02-04_15:24:04,39,18
2015-02-04_15:34:04,39,18
2015-02-04_15:44:05,39,18
2015-02-04_15:54:05,39,18
2015-02-04_16:04:06,39,18
2015-02-04_16:14:06,39,18
2015-02-04_16:24:07,39,18
2015-02-04_16:34:07,39,18
2015-02-04_16:44:08,39,18
2015-02-04_16:54:08,39,18
2015-02-04_17:04:09,39,18
2015-02-04_17:14:09,39,18
2015-02-04_17:24:10,39,18
2015-02-04_17:34:10,39,18
2015-02-04_17:44:11,39,18
2015-02-04_17:54:11,39,18
2015-02-04_18:04:12,39,18
2015-02-04_18:14:12,39,18
2015-02-04_18:24:12,39,18
2015-02-04_18:34:13,39,18
2015-02-04_18:44:13,39,18
2015-02-04_18:54:14,39,18
2015-02-04_19:04:14,39,18
2015-02-04_19:14:15,39,18
2015-02-04_19:24:15,39,18
2015-02-04_19:34:16,39,18
2015-02-04_19:44:16,39,18
2015-02-04_19:54:17,39,18
2015-02-04_20:04:17,39,17
2015-02-04_20:14:18,39,17
2015-02-04_20:24:18,39,17
2015-02-04_20:34:19,39,17
2015-02-04_20:44:19,39,17
2015-02-04_20:54:20,39,18
2015-02-04_21:04:21,39,18
2015-02-04_21:14:21,39,18
2015-02-04_21:24:22,39,18
2015-02-04_21:34:22,39,18
2015-02-04_21:44:23,39,18
2015-02-04_21:54:23,39,18
2015-02-04_22:04:24,39,18
2015-02-04_22:14:24,39,18
2015-02-04_22:24:25,39,18
2015-02-04_22:34:25,39,18
2015-02-04_22:44:26,39,18
2015-02-04_22:54:26,39,18
2015-02-04_23:04:27,39,18
2015-02-04_23:14:27,39,17
2015-02-04_23:24:28,39,17
2015-02-04_23:34:28,39,18
2015-02-04_23:44:29,39,17
2015-02-04_23:54:29,39,18
2015-02-05_00:04:30,39,18
2015-02-05_00:14:30,39,18
2015-02-05_00:24:31,39,18
2015-02-05_00:34:31,39,18
2015-02-05_00:44:32,39,18
2015-02-05_00:54:32,39,18
2015-02-05_01:04:33,39,17
2015-02-05_01:14:33,39,17
2015-02-05_01:24:34,39,17
2015-02-05_01:34:34,39,17
2015-02-05_01:44:35,39,17
2015-02-05_01:54:35,39,17
2015-02-05_02:04:36,39,17
2015-02-05_02:14:36,39,17
2015-02-05_02:24:37,39,17
2015-02-05_02:34:37,39,17
2015-02-05_02:44:38,39,17
2015-02-05_02:54:38,39,17
2015-02-05_03:04:39,39,17
2015-02-05_03:14:39,39,17
2015-02-05_03:24:40,39,17
2015-02-05_03:34:40,39,17
2015-02-05_03:44:41,39,17
2015-02-05_03:54:41,39,17
2015-02-05_04:04:42,39,17
2015-02-05_04:14:42,39,17
2015-02-05_04:24:43,39,17
2015-02-05_04:34:43,39,17
2015-02-05_04:44:44,39,17
2015-02-05_04:54:44,39,17
2015-02-05_05:04:45,39,17
2015-02-05_05:14:45,39,17
2015-02-05_05:24:46,39,17
2015-02-05_05:34:46,39,17
2015-02-05_05:44:47,39,17
2015-02-05_05:54:47,39,17
2015-02-05_06:04:48,39,17
2015-02-05_06:14:48,39,17
2015-02-05_06:24:49,39,17
2015-02-05_06:34:49,39,17
2015-02-05_06:44:50,39,17
2015-02-05_06:54:50,39,17
2015-02-05_07:04:51,39,17
2015-02-05_07:14:51,39,17
2015-02-05_07:24:52,39,17
2015-02-05_07:34:52,39,17
2015-02-05_07:44:53,39,17
2015-02-05_07:54:53,39,17
2015-02-05_08:04:54,39,17
2015-02-05_08:14:54,39,17
2015-02-05_08:24:55,39,17
2015-02-05_08:34:55,39,17
2015-02-05_08:44:56,39,17
2015-02-05_08:54:56,39,17
2015-02-05_09:04:57,39,17
2015-02-05_09:14:57,39,17
2015-02-05_09:24:58,39,17
2015-02-05_09:34:58,39,17
2015-02-05_09:44:59,39,17
2015-02-05_09:54:59,39,18
2015-02-05_10:05:00,39,18
2015-02-05_10:15:00,39,18
2015-02-05_10:25:01,39,18
2015-02-05_10:35:01,39,18
2015-02-05_10:45:02,39,18
2015-02-05_10:55:02,39,18
2015-02-05_11:05:03,39,18
2015-02-05_11:15:03,39,18
2015-02-05_11:25:04,39,18
2015-02-05_11:35:04,39,18
2015-02-05_11:45:05,39,18
2015-02-05_11:55:06,39,18
2015-02-05_12:05:07,39,18
2015-02-05_12:15:07,39,18
2015-02-05_12:25:08,39,18
2015-02-05_12:35:08,39,18
2015-02-05_12:45:09,39,18
2015-02-05_12:55:09,39,18
2015-02-05_13:05:10,39,18
2015-02-05_13:15:10,39,18
2015-02-05_13:25:11,39,18
2015-02-05_13:35:11,39,18
2015-02-05_13:45:12,39,18
2015-02-05_13:55:12,39,18
2015-02-05_14:05:13,39,18
2015-02-05_14:15:13,39,18
2015-02-05_14:25:14,39,18
2015-02-05_14:35:15,39,18
2015-02-05_14:45:15,39,18
2015-02-05_14:55:16,39,18
2015-02-05_15:05:16,39,18
2015-02-05_15:15:17,39,18
2015-02-05_15:25:17,39,18
2015-02-05_15:35:18,39,18
2015-02-05_15:45:18,39,18
2015-02-05_15:55:19,39,18
2015-02-05_16:05:19,39,18
2015-02-05_16:15:20,39,18
2015-02-05_16:25:20,39,18
2015-02-05_16:35:21,39,18
2015-02-05_16:45:21,39,18
2015-02-05_16:55:22,39,18
2015-02-05_17:05:22,39,18
2015-02-05_17:15:23,39,18
2015-02-05_17:25:23,39,18
2015-02-05_17:35:24,39,18
2015-02-05_17:45:24,39,18
2015-02-05_17:55:25,39,18
2015-02-05_18:05:25,39,18
2015-02-05_18:15:26,39,18
2015-02-05_18:25:27,39,18
2015-02-05_18:35:27,39,18
2015-02-05_18:45:28,39,18
2015-02-05_18:55:28,39,18
2015-02-05_19:05:29,39,18
2015-02-05_19:15:29,39,18
2015-02-05_19:25:30,39,18
2015-02-05_19:35:30,39,18
2015-02-05_19:45:31,39,18
2015-02-05_19:55:31,39,18
2015-02-05_20:05:32,39,18
2015-02-05_20:15:32,39,17
2015-02-05_20:25:33,39,17
2015-02-05_20:35:33,39,17
2015-02-05_20:45:34,39,17
2015-02-05_20:55:34,39,17
2015-02-05_21:05:35,39,17
2015-02-05_21:15:35,39,17
2015-02-05_21:25:36,39,17
2015-02-05_21:35:36,39,17
2015-02-05_21:45:37,39,17
2015-02-05_21:55:37,39,17
2015-02-05_22:05:38,39,17
2015-02-05_22:15:38,39,17
2015-02-05_22:25:39,39,17
2015-02-05_22:35:39,39,17
2015-02-05_22:45:40,39,17
2015-02-05_22:55:40,39,17
2015-02-05_23:05:41,39,17
2015-02-05_23:15:42,39,17
2015-02-05_23:25:42,39,17
2015-02-05_23:35:43,39,17
2015-02-05_23:45:43,39,17
2015-02-05_23:55:44,39,17
2015-02-06_00:05:44,39,17
2015-02-06_00:15:45,39,17
2015-02-06_00:25:45,39,17
2015-02-06_00:35:46,39,17
2015-02-06_00:45:46,39,17
2015-02-06_00:55:47,39,17
2015-02-06_01:05:47,39,17
2015-02-06_01:15:48,39,17
2015-02-06_01:25:48,39,17
2015-02-06_01:35:49,39,17
2015-02-06_01:45:49,39,17
2015-02-06_01:55:50,39,17
2015-02-06_02:05:50,39,17
2015-02-06_02:15:51,39,17
2015-02-06_02:25:51,39,17
2015-02-06_02:35:52,39,17
2015-02-06_02:45:52,39,17
2015-02-06_02:55:53,39,17
2015-02-06_03:05:53,39,17
2015-02-06_03:15:54,39,17
2015-02-06_03:25:54,40,16
2015-02-06_03:35:55,40,16
2015-02-06_03:45:55,40,16
2015-02-06_03:55:56,39,17
2015-02-06_04:05:56,40,16
2015-02-06_04:15:57,40,16
2015-02-06_04:25:57,40,16
2015-02-06_04:35:58,40,16
2015-02-06_04:45:59,40,16
2015-02-06_04:55:59,40,16
2015-02-06_05:06:00,40,16
2015-02-06_05:16:00,40,16
2015-02-06_05:26:01,40,16
2015-02-06_05:36:01,40,16
2015-02-06_05:46:02,40,16
2015-02-06_05:56:02,40,16
2015-02-06_06:06:03,40,16
2015-02-06_06:16:03,39,17
2015-02-06_06:26:04,39,17
2015-02-06_06:36:04,39,17
2015-02-06_06:46:05,39,17
2015-02-06_06:56:05,39,17
2015-02-06_07:06:06,39,17
2015-02-06_07:16:06,39,17
2015-02-06_07:26:07,39,17
2015-02-06_07:36:07,39,17
2015-02-06_07:46:08,39,17
2015-02-06_07:56:09,39,17
2015-02-06_08:06:09,39,17
2015-02-06_08:16:10,39,17
2015-02-06_08:26:10,39,17
2015-02-06_08:36:11,39,17
2015-02-06_08:46:11,39,17
2015-02-06_08:56:12,39,17
2015-02-06_09:06:12,39,17
2015-02-06_09:16:14,39,17
2015-02-06_09:26:14,39,17
2015-02-06_09:36:14,39,17
2015-02-06_09:46:15,39,17
2015-02-06_09:56:15,39,17
2015-02-06_10:06:16,39,17
2015-02-06_10:16:17,39,17
2015-02-06_10:26:17,39,17
2015-02-06_10:36:18,39,17
2015-02-06_10:46:18,39,17
2015-02-06_10:56:19,39,17
2015-02-06_11:06:19,39,17
2015-02-06_11:16:20,39,17
2015-02-06_11:26:20,39,17
2015-02-06_11:36:21,39,17
2015-02-06_11:46:21,39,17
2015-02-06_11:56:22,39,17
2015-02-06_12:06:22,39,17
2015-02-06_12:16:23,39,17
2015-02-06_12:26:23,39,17
2015-02-06_12:36:24,39,17
2015-02-06_12:46:25,39,17
2015-02-06_12:56:25,39,17
2015-02-06_13:06:25,39,17
2015-02-06_13:16:26,39,17
2015-02-06_13:26:27,39,17
2015-02-06_13:36:27,39,17
2015-02-06_13:46:28,39,17
2015-02-06_13:56:28,39,17
2015-02-06_14:06:29,39,18
2015-02-06_14:16:29,39,18
2015-02-06_14:26:30,39,18
2015-02-06_14:36:30,39,18
2015-02-06_14:46:31,39,18
2015-02-06_14:56:31,39,18
2015-02-06_15:06:32,39,18
2015-02-06_15:16:32,39,18
2015-02-06_15:26:33,39,18
2015-02-06_15:36:33,39,18
2015-02-06_15:46:34,39,18
2015-02-06_15:56:34,39,18
2015-02-06_16:06:35,39,18
2015-02-06_16:16:35,39,18
2015-02-06_16:26:36,39,18
2015-02-06_16:36:36,39,18
2015-02-06_16:46:37,39,18
2015-02-06_16:56:37,39,18
2015-02-06_17:06:38,39,18
2015-02-06_17:16:38,39,18
2015-02-06_17:26:39,39,18
2015-02-06_17:36:39,39,18
2015-02-06_17:46:40,39,18
2015-02-06_17:56:40,39,18
2015-02-06_18:06:41,39,18
2015-02-06_18:16:41,39,18
2015-02-06_18:26:42,39,18
2015-02-06_18:36:42,39,18
2015-02-06_18:46:43,39,18
2015-02-06_18:56:43,39,18
2015-02-06_19:06:44,39,18
2015-02-06_19:16:44,39,18
2015-02-06_19:26:45,39,18
2015-02-06_19:36:45,39,18
2015-02-06_19:46:46,39,18
2015-02-06_19:56:46,39,18
2015-02-06_20:06:47,39,18
2015-02-06_20:16:47,39,18
2015-02-06_20:26:48,39,18
2015-02-06_20:36:48,39,18
2015-02-06_20:46:49,39,18
2015-02-06_20:56:49,39,18
2015-02-06_21:06:50,39,18
2015-02-06_21:16:50,39,18
2015-02-06_21:26:51,39,18
2015-02-06_21:36:51,39,18
2015-02-06_21:46:52,39,18
2015-02-06_21:56:52,39,18
2015-02-06_22:06:53,39,18
2015-02-06_22:16:53,39,17
2015-02-06_22:26:54,39,17
2015-02-06_22:36:54,39,17
2015-02-06_22:46:55,39,17
2015-02-06_22:56:55,39,17
2015-02-06_23:06:56,39,17
2015-02-06_23:16:57,39,17
2015-02-06_23:26:57,39,17
2015-02-06_23:36:58,39,17
2015-02-06_23:46:58,39,17
2015-02-06_23:56:59,39,17
2015-02-07_00:06:59,39,17
2015-02-07_00:16:59,39,17
2015-02-07_00:27:00,39,17
2015-02-07_00:37:01,39,17
2015-02-07_00:47:01,39,17
2015-02-07_00:57:02,39,17
2015-02-07_01:07:02,39,17
2015-02-07_01:17:03,39,17
2015-02-07_01:27:03,39,17
2015-02-07_01:37:04,39,17
2015-02-07_01:47:04,39,17
2015-02-07_01:57:05,39,17
2015-02-07_02:07:05,39,17
2015-02-07_02:17:06,39,17
2015-02-07_02:27:06,39,17
2015-02-07_02:37:07,39,17
2015-02-07_02:47:07,39,17
2015-02-07_02:57:08,39,17
2015-02-07_03:07:08,39,17
2015-02-07_03:17:09,40,16
2015-02-07_03:27:09,39,17
2015-02-07_03:37:10,39,17
2015-02-07_03:47:11,39,17
2015-02-07_03:57:11,39,17
2015-02-07_04:07:12,39,17
2015-02-07_04:17:12,40,16
2015-02-07_04:27:13,40,16
2015-02-07_04:37:13,40,16
2015-02-07_04:47:14,40,16
2015-02-07_04:57:14,40,16
2015-02-07_05:07:15,40,16
2015-02-07_05:17:15,40,16
2015-02-07_05:27:16,40,16
2015-02-07_05:37:17,40,16
2015-02-07_05:47:17,40,16
2015-02-07_05:57:17,40,16
2015-02-07_06:07:18,39,17
2015-02-07_06:17:18,39,17
2015-02-07_06:27:19,39,17
2015-02-07_06:37:20,39,17
2015-02-07_06:47:21,39,17
2015-02-07_06:57:21,39,17
2015-02-07_07:07:22,39,17
2015-02-07_07:17:22,39,17
2015-02-07_07:27:23,39,17
2015-02-07_07:37:23,39,17
2015-02-07_07:47:24,39,17
2015-02-07_07:57:24,39,17
2015-02-07_08:07:25,39,17
2015-02-07_08:17:25,39,17
2015-02-07_08:27:26,39,17
2015-02-07_08:37:27,39,17
2015-02-07_08:47:27,39,17
2015-02-07_08:57:28,39,17
2015-02-07_09:07:28,39,17
2015-02-07_09:17:29,39,17
2015-02-07_09:27:29,39,17
2015-02-07_09:37:30,39,17
2015-02-07_09:47:30,39,17
2015-02-07_09:57:31,39,17
2015-02-07_10:07:31,39,17
2015-02-07_10:17:32,39,17
2015-02-07_10:27:32,39,17
2015-02-07_10:37:33,39,17
2015-02-07_10:47:33,39,17
2015-02-07_10:57:34,39,17
2015-02-07_11:07:34,39,17
2015-02-07_11:17:35,39,17
2015-02-07_11:27:35,39,17
2015-02-07_11:37:36,39,17
2015-02-07_11:47:36,39,17
2015-02-07_11:57:37,39,17
2015-02-07_12:07:37,39,17
2015-02-07_12:17:38,39,17
2015-02-07_12:27:38,39,17
2015-02-07_12:37:39,39,17
2015-02-07_12:47:39,39,17
2015-02-07_12:57:40,39,17
2015-02-07_13:07:40,39,18
2015-02-07_13:17:41,39,18
2015-02-07_13:27:41,39,18
2015-02-07_13:37:42,39,18
2015-02-07_13:47:42,39,18
2015-02-07_13:57:43,39,18
2015-02-07_14:07:43,39,18
2015-02-07_14:17:44,39,18
2015-02-07_14:27:44,39,18
2015-02-07_14:37:45,39,18
2015-02-07_14:47:45,39,17
2015-02-07_14:57:46,39,18
2015-02-07_15:07:46,39,17
2015-02-07_15:17:47,39,17
2015-02-07_15:27:47,39,17
2015-02-07_15:37:48,39,17
2015-02-07_15:47:48,39,17
2015-02-07_15:57:49,39,17
2015-02-07_16:07:49,39,17
2015-02-07_16:17:50,39,17
2015-02-07_16:27:51,39,17
2015-02-07_16:37:51,39,17
2015-02-07_16:47:51,39,17
2015-02-07_16:57:52,39,17
2015-02-07_17:07:53,39,17
2015-02-07_17:17:53,39,17
2015-02-07_17:27:54,39,17
2015-02-07_17:37:54,39,17
2015-02-07_17:47:55,39,18
2015-02-07_17:57:55,39,17
2015-02-07_18:07:56,39,17
2015-02-07_18:17:56,39,17
2015-02-07_18:27:57,39,17
2015-02-07_18:37:57,39,17
2015-02-07_18:47:58,39,17
2015-02-07_18:57:58,39,18
2015-02-07_19:07:59,39,18
2015-02-07_19:17:59,39,17
2015-02-07_19:28:00,39,18
2015-02-07_19:38:00,39,18
2015-02-07_19:48:01,39,18
2015-02-07_19:58:01,39,18
2015-02-07_20:08:02,39,18
2015-02-07_20:18:02,39,18
2015-02-07_20:28:03,39,18
2015-02-07_20:38:03,39,18
2015-02-07_20:48:04,39,18
2015-02-07_20:58:04,39,18
2015-02-07_21:08:05,39,18
2015-02-07_21:18:05,39,18
2015-02-07_21:28:06,39,18
2015-02-07_21:38:06,39,18
2015-02-07_21:48:07,39,18
2015-02-07_21:58:07,39,18
2015-02-07_22:08:08,39,17
2015-02-07_22:18:08,39,18
2015-02-07_22:28:09,39,17
2015-02-07_22:38:09,39,17
2015-02-07_22:48:10,39,17
2015-02-07_22:58:10,39,17
2015-02-07_23:08:11,39,17
2015-02-07_23:18:11,40,17
2015-02-07_23:28:12,39,17
2015-02-07_23:38:12,39,17
2015-02-07_23:48:13,39,18
2015-02-07_23:58:13,39,18
2015-02-08_00:08:14,40,17
2015-02-08_00:18:14,39,18
2015-02-08_00:28:15,39,18
2015-02-08_00:38:16,39,17
2015-02-08_00:48:16,39,17
2015-02-08_00:58:17,39,17
2015-02-08_01:08:17,39,17
2015-02-08_01:18:18,39,17
2015-02-08_01:28:18,39,17
2015-02-08_01:38:19,39,17
2015-02-08_01:48:19,39,17
2015-02-08_01:58:20,39,17
2015-02-08_02:08:20,39,17
2015-02-08_02:18:21,39,17
2015-02-08_02:28:21,39,17
2015-02-08_02:38:22,39,17
2015-02-08_02:48:22,39,17
2015-02-08_02:58:23,39,17
2015-02-08_03:08:23,39,17
2015-02-08_03:18:24,39,17
2015-02-08_03:28:24,39,17
2015-02-08_03:38:25,39,17
2015-02-08_03:48:25,39,17
2015-02-08_03:58:26,39,17
2015-02-08_04:08:27,39,17
2015-02-08_04:18:28,39,17
2015-02-08_04:28:28,40,16
2015-02-08_04:38:29,40,16
2015-02-08_04:48:29,40,16
2015-02-08_04:58:30,40,16
2015-02-08_05:08:30,40,16
2015-02-08_05:18:31,40,16
2015-02-08_05:28:31,40,16
2015-02-08_05:38:32,40,16
2015-02-08_05:48:32,40,16
2015-02-08_05:58:33,39,17
2015-02-08_06:08:33,39,17
2015-02-08_06:18:34,39,17
2015-02-08_06:28:35,39,17
2015-02-08_06:38:35,39,17
2015-02-08_06:48:36,39,17
2015-02-08_06:58:36,39,17
2015-02-08_07:08:37,39,17
2015-02-08_07:18:37,39,17
2015-02-08_07:28:38,39,17
2015-02-08_07:38:38,39,17
2015-02-08_07:48:39,39,17
2015-02-08_07:58:39,39,17
2015-02-08_08:08:40,39,17
2015-02-08_08:18:40,39,17
2015-02-08_08:28:41,39,17
2015-02-08_08:38:41,39,17
2015-02-08_08:48:42,39,17
2015-02-08_08:58:42,39,17
2015-02-08_09:08:43,39,17
2015-02-08_09:18:43,39,17
2015-02-08_09:28:44,39,17
2015-02-08_09:38:44,39,17
2015-02-08_09:48:45,39,17
2015-02-08_09:58:45,39,17
2015-02-08_10:08:46,39,17
2015-02-08_10:18:47,39,17
2015-02-08_10:28:47,39,17
2015-02-08_10:38:48,39,17
2015-02-08_10:48:48,39,17
2015-02-08_10:58:49,39,17
2015-02-08_11:08:49,39,17
2015-02-08_11:18:50,39,17
2015-02-08_11:28:50,39,17
2015-02-08_11:38:51,39,17
2015-02-08_11:48:51,39,17
2015-02-08_11:58:52,39,17
2015-02-08_12:08:52,39,17
2015-02-08_12:18:53,39,17
2015-02-08_12:28:53,39,17
2015-02-08_12:38:54,39,17
2015-02-08_12:48:54,39,17
2015-02-08_12:58:55,39,17
2015-02-08_13:08:55,39,17
2015-02-08_13:18:56,39,17
2015-02-08_13:28:56,40,16
2015-02-08_13:38:57,39,17
2015-02-08_13:48:57,39,17
2015-02-08_13:58:58,39,17
2015-02-08_14:08:58,39,17
2015-02-08_14:18:59,39,17
2015-02-08_14:28:59,39,17
2015-02-08_14:39:00,39,17
2015-02-08_14:49:00,39,17
2015-02-08_14:59:01,39,17
2015-02-08_15:09:01,40,17
2015-02-08_15:19:02,40,17
2015-02-08_15:29:02,41,17
2015-02-08_15:39:03,41,17
2015-02-08_15:49:03,42,17
2015-02-08_15:59:04,42,17
2015-02-08_16:09:04,42,17
2015-02-08_16:19:05,43,17
2015-02-08_16:29:05,44,16
2015-02-08_16:39:06,43,16
2015-02-08_16:49:06,43,16
2015-02-08_16:59:07,44,16
2015-02-08_17:09:07,43,16
2015-02-08_17:19:08,43,16
2015-02-08_17:29:08,44,16
2015-02-08_17:39:09,43,16
2015-02-08_17:49:09,43,16
2015-02-08_17:59:10,44,16
2015-02-08_18:09:10,43,16
2015-02-08_18:19:11,43,16
2015-02-08_18:29:11,44,16
2015-02-08_18:39:12,43,16
2015-02-08_18:49:12,42,16
2015-02-08_18:59:13,43,16
2015-02-08_19:09:13,47,16
2015-02-08_19:19:14,50,16
2015-02-08_19:29:14,51,16
2015-02-08_19:39:15,52,16
2015-02-08_19:49:15,53,16
2015-02-08_19:59:16,54,16
2015-02-08_20:09:16,56,16
2015-02-08_20:19:17,56,16
2015-02-08_20:29:17,57,16
2015-02-08_20:39:18,58,16
2015-02-08_20:49:18,57,17
2015-02-08_20:59:19,56,17
2015-02-08_21:09:19,55,16
2015-02-08_21:19:20,53,16
2015-02-08_21:29:20,52,17
2015-02-08_21:39:21,50,17
2015-02-08_21:49:21,50,17
2015-02-08_21:59:22,49,17
2015-02-08_22:09:22,48,17
2015-02-08_22:19:23,48,17
2015-02-08_22:29:23,47,17
2015-02-08_22:39:24,47,17
2015-02-08_22:49:25,46,17
2015-02-08_22:59:25,48,17
2015-02-08_23:09:26,49,17
2015-02-08_23:19:26,50,17
2015-02-08_23:29:27,50,17
2015-02-08_23:39:27,50,17
2015-02-08_23:49:28,50,17
2015-02-08_23:59:28,50,17
2015-02-09_00:09:29,50,17
2015-02-09_00:19:29,50,17
2015-02-09_00:29:30,51,16
2015-02-09_00:39:30,51,16
2015-02-09_00:49:31,51,16
2015-02-09_00:59:31,51,16
2015-02-09_01:09:32,51,16
2015-02-09_01:19:33,51,16
2015-02-09_01:29:33,51,16
2015-02-09_01:39:34,50,16
2015-02-09_01:49:34,51,16
2015-02-09_01:59:35,50,16
2015-02-09_02:09:35,50,16
2015-02-09_02:19:36,50,16
2015-02-09_02:29:36,50,16
2015-02-09_02:39:37,50,16
2015-02-09_02:49:37,50,16
2015-02-09_02:59:38,50,16
2015-02-09_03:09:38,50,16
2015-02-09_03:19:39,50,16
2015-02-09_03:29:39,50,16
2015-02-09_03:39:40,50,16
2015-02-09_03:49:40,49,16
2015-02-09_03:59:41,49,16
2015-02-09_04:09:41,49,16
2015-02-09_04:19:42,49,16
2015-02-09_04:29:42,49,16
2015-02-09_04:39:43,49,16
2015-02-09_04:49:43,49,16
2015-02-09_04:59:44,48,16
2015-02-09_05:09:44,48,16
2015-02-09_05:19:45,48,16
2015-02-09_05:29:45,48,16
2015-02-09_05:39:46,48,16
2015-02-09_05:49:46,47,16
2015-02-09_05:59:47,47,16
2015-02-09_06:09:47,48,16
2015-02-09_06:19:48,48,16
2015-02-09_06:29:48,48,16
2015-02-09_06:39:49,48,16
2015-02-09_06:49:50,48,16
2015-02-09_06:59:50,45,16
2015-02-09_07:09:51,44,17
2015-02-09_07:19:51,44,17
2015-02-09_07:29:52,43,17
2015-02-09_07:39:52,43,17
2015-02-09_07:49:53,43,18
2015-02-09_07:59:53,42,19
2015-02-09_08:09:54,42,20
2015-02-09_08:19:54,41,20
2015-02-09_08:29:55,40,20
2015-02-09_08:39:56,40,20
2015-02-09_08:49:56,39,21
2015-02-09_08:59:57,39,22
2015-02-09_09:09:57,39,22
2015-02-09_09:19:58,39,20
2015-02-09_09:29:58,40,20
2015-02-09_09:39:58,40,20
2015-02-09_09:49:59,40,19
2015-02-09_10:00:00,40,19
2015-02-09_10:10:00,40,19
2015-02-09_10:20:01,40,19
2015-02-09_10:30:01,40,19
2015-02-09_10:40:02,40,19
2015-02-09_10:50:02,40,19
2015-02-09_11:00:03,40,19
2015-02-09_11:10:03,40,19
2015-02-09_11:20:04,40,19
2015-02-09_11:30:04,40,19
2015-02-09_11:40:05,40,18
2015-02-09_11:50:05,40,18
2015-02-09_12:00:05,40,18
2015-02-09_12:10:06,40,18
2015-02-09_12:20:07,40,18
2015-02-09_12:30:07,40,18
2015-02-09_12:40:07,40,18
2015-02-09_12:50:08,40,18
2015-02-09_13:00:08,40,18
2015-02-09_13:10:09,40,18
2015-02-09_13:20:09,40,18
2015-02-09_13:30:10,40,18
2015-02-09_13:40:10,40,18
2015-02-09_13:50:11,40,18
2015-02-09_14:00:12,40,18
2015-02-09_14:10:12,40,18
2015-02-09_14:20:13,40,18
2015-02-09_14:30:13,40,18
2015-02-09_14:40:14,40,18
2015-02-09_14:50:14,40,18
2015-02-09_15:00:15,40,18
2015-02-09_15:10:15,40,18
2015-02-09_15:20:16,40,18
2015-02-09_15:30:16,40,18
2015-02-09_15:40:17,40,18
2015-02-09_15:50:17,40,18
2015-02-09_16:00:18,40,18
2015-02-09_16:10:18,40,18
2015-02-09_16:20:19,40,18
2015-02-09_16:30:19,40,18
2015-02-09_16:40:20,40,18
2015-02-09_16:50:20,40,18
2015-02-09_17:00:21,40,18
2015-02-09_17:10:22,40,18
2015-02-09_17:20:22,40,18
2015-02-09_17:30:23,40,18
2015-02-09_17:40:23,40,18
2015-02-09_17:50:24,40,18
2015-02-09_18:00:24,40,18
2015-02-09_18:10:25,40,18
2015-02-09_18:20:25,40,18
2015-02-09_18:30:25,40,18
2015-02-09_18:40:26,40,18
2015-02-09_18:50:27,40,18
2015-02-09_19:00:27,40,18
2015-02-09_19:10:28,40,18
2015-02-09_19:20:28,40,18
2015-02-09_19:30:29,39,18
2015-02-09_19:40:29,39,18
2015-02-09_19:50:30,40,18
2015-02-09_20:00:30,39,18
2015-02-09_20:10:31,40,18
2015-02-09_20:20:31,40,18
2015-02-09_20:30:32,40,18
2015-02-09_20:40:32,39,18
2015-02-09_20:50:33,39,18
2015-02-09_21:00:33,39,18
2015-02-09_21:10:34,39,18
2015-02-09_21:20:34,40,17
2015-02-09_21:30:35,39,18
2015-02-09_21:40:36,39,17
2015-02-09_21:50:36,39,18
2015-02-09_22:00:37,39,17
2015-02-09_22:10:37,39,17
2015-02-09_22:20:38,39,17
2015-02-09_22:30:38,39,17
2015-02-09_22:40:39,39,17
2015-02-09_22:50:40,39,17
2015-02-09_23:00:40,39,17
2015-02-09_23:10:41,39,17
2015-02-10_20:59:48,39,17
2015-02-10_21:09:49,39,17
2015-02-10_21:19:49,40,17
2015-02-10_21:29:50,39,18
2015-02-10_21:39:50,39,18
2015-02-10_21:49:51,39,18
2015-02-10_21:59:51,39,18
2015-02-10_22:09:52,39,18
2015-02-10_22:19:52,40,18
2015-02-10_22:29:53,39,18
2015-02-10_22:39:53,39,18
2015-02-10_22:49:54,39,18
2015-02-10_22:59:54,39,18
2015-02-10_23:09:55,39,18
2015-02-11_21:08:46,39,18
2015-02-11_21:18:46,39,18
2015-02-11_21:28:47,39,18
2015-02-11_21:38:48,39,18
2015-02-11_21:48:48,39,18
2015-02-11_21:58:49,39,18
2015-02-11_22:08:49,39,18
2015-02-11_22:18:50,39,18
2015-02-11_22:28:50,39,18
2015-02-12_19:56:04,39,18
2015-02-12_20:06:04,38,19
2015-02-12_20:16:05,38,19
2015-02-12_20:26:06,38,19
2015-02-12_20:36:06,38,19
2015-02-12_20:46:07,38,19
2015-02-12_20:56:07,38,19
2015-02-12_21:06:08,38,19
2015-02-12_21:16:08,38,19
2015-02-12_21:26:09,38,19
2015-02-12_21:36:09,38,19
2015-02-12_21:46:10,38,19
2015-02-12_21:56:10,38,19
2015-02-13_21:09:42,39,18
2015-02-13_21:19:42,39,18
2015-02-13_21:29:43,39,18
2015-02-13_21:39:43,39,18
2015-02-13_21:49:44,39,18
2015-02-13_21:59:44,39,18
2015-02-14_20:54:48,39,18
2015-02-14_21:04:49,39,18
2015-02-14_21:14:49,39,18
2015-02-14_21:24:50,39,18
2015-02-14_21:34:50,39,18
2015-02-14_21:44:51,39,18
2015-02-14_21:54:51,39,18
2015-02-14_22:04:52,39,18
2015-02-14_22:14:52,39,18
2015-02-14_22:24:53,39,18
2015-02-14_22:34:54,39,18
2015-02-14_22:44:54,39,18
2015-02-14_22:54:55,39,18
2015-02-14_23:04:55,39,18
2015-02-15_20:40:18,40,18
2015-02-15_20:50:19,39,18
2015-02-15_21:00:19,39,18
2015-02-15_21:10:20,39,18
2015-02-15_21:20:20,39,18
2015-02-15_21:30:21,39,18
2015-02-15_21:40:21,39,18
2015-02-15_21:50:22,39,18
2015-02-15_22:00:22,39,18
2015-02-15_22:10:23,39,18
2015-02-15_22:20:23,40,18
2015-02-15_22:30:24,39,18
2015-02-16_21:12:06,63,17
2015-02-16_21:22:07,62,17
2015-02-16_21:32:08,61,17
2015-02-16_21:42:08,60,17
2015-02-16_21:52:09,59,18
2015-02-16_22:02:09,59,18
2015-02-16_22:12:10,59,17
2015-02-16_22:22:10,59,18
2015-02-16_22:32:11,59,17
2015-02-16_22:42:11,59,17
2015-02-16_22:52:12,59,18
2015-02-16_23:02:13,59,17
2015-02-16_23:12:13,59,17
2015-02-16_23:22:14,59,17
2015-02-16_23:32:14,59,17
2015-02-17_21:20:09,44,17
2015-02-17_21:30:09,43,18
2015-02-17_21:40:10,43,18
2015-02-17_21:50:10,43,18
2015-02-17_22:00:11,43,18
2015-02-17_22:10:11,43,18
2015-02-17_22:20:12,43,18
2015-02-17_22:30:12,43,18
2015-02-17_22:40:13,43,18
2015-02-17_22:50:14,43,18
2015-02-18_21:31:06,48,16
2015-02-18_21:41:07,46,17
2015-02-18_21:51:07,44,17
2015-02-18_22:01:08,44,17
2015-02-18_22:11:08,44,17
2015-02-18_22:21:09,43,17
2015-02-18_22:31:09,43,17
2015-02-18_22:41:10,43,17
2015-02-18_22:51:10,43,17
2015-02-18_23:01:11,43,17
2015-02-18_23:11:11,43,17
2015-02-18_23:21:12,43,17
2015-02-19_20:24:35,40,18
2015-02-19_20:34:35,40,18
2015-02-19_20:44:36,40,18
2015-02-19_20:54:36,39,18
2015-02-19_21:04:37,40,18
2015-02-19_21:14:37,39,18
2015-02-19_21:24:38,40,18
2015-02-19_21:34:38,40,18
2015-02-19_21:44:39,39,18
2015-02-19_21:54:39,39,18
2015-02-19_22:04:40,39,18
2015-02-19_22:14:40,39,18
2015-02-19_22:24:41,39,18
2015-02-19_22:34:41,40,18
2015-02-19_22:44:42,40,18
2015-02-19_22:54:42,39,18
2015-02-19_23:04:43,39,18
2015-02-19_23:14:44,40,18
2015-02-19_23:24:44,40,18
2015-02-19_23:34:45,39,18
2015-02-19_23:44:46,39,18
2015-02-19_23:54:46,39,18
2015-02-20_20:46:24,39,18
2015-02-20_20:56:25,39,18
2015-02-20_21:06:25,39,18
2015-02-20_21:16:26,39,18
2015-02-20_21:26:27,38,19
2015-02-20_21:36:27,38,19
2015-02-20_21:46:28,38,19
2015-02-20_21:56:29,38,19
2015-02-20_22:06:29,38,19
2015-02-20_22:16:30,38,19
2015-02-20_22:26:30,39,19
