Data, Humidity, Temperature
2015/01/29 19:32:32,40,18
2015/01/29 19:33:32,41,18
2015/01/29 19:34:33,40,18
2015/01/29 19:35:33,40,18
2015/01/29 19:36:34,40,17
2015/01/29 19:37:34,40,18
2015/01/29 19:38:35,40,18
2015/01/29 19:39:35,40,18
2015/01/29 19:40:36,40,18
2015/01/29 19:41:36,40,18
2015/01/29 19:42:37,40,18
2015/01/29 19:43:37,40,18
2015/01/29 19:44:37,40,18
2015/01/29 19:45:38,40,18
2015/01/29 19:46:38,40,18
2015/01/29 19:47:39,40,18
2015/01/29 19:48:39,40,18
2015/01/29 19:49:40,40,18
2015/01/29 19:50:40,40,18
2015/01/29 19:51:41,40,18
2015/01/29 19:52:41,40,18
2015/01/29 19:53:42,40,18
2015/01/29 19:54:42,40,18
2015/01/29 19:55:43,40,18
2015/01/29 19:56:43,40,18
2015/01/29 19:57:44,40,18
2015/01/29 19:58:44,40,18
2015/01/29 19:59:44,40,18
2015/01/29 20:00:45,40,18
2015/01/29 20:01:46,40,18
2015/01/29 20:02:46,40,18
2015/01/29 20:03:47,40,18
2015/01/29 20:04:47,40,18
2015/01/29 20:05:48,40,18
2015/01/29 20:06:48,40,18
2015/01/29 20:07:48,40,18
2015/01/29 20:08:49,40,18
2015/01/29 20:09:49,40,18
2015/01/29 20:10:50,40,18
2015/01/29 20:11:50,40,18
2015/01/29 20:12:51,40,18
2015/01/29 20:13:51,40,18
2015/01/29 20:14:52,40,18
2015/01/29 20:15:52,40,18
2015/01/29 20:16:52,40,18
2015/01/29 20:17:53,40,18
2015/01/29 20:18:53,40,18
2015/01/29 20:19:54,40,18
2015/01/29 20:20:55,40,18
2015/01/29 20:21:55,40,18
2015/01/29 20:22:56,40,18
2015/01/29 20:23:56,40,18
2015/01/29 20:24:57,40,18
2015/01/29 20:25:57,40,18
2015/01/29 20:26:58,40,18
2015/01/29 20:27:58,40,18
2015/01/29 20:28:59,40,18
2015/01/29 20:29:59,40,18
2015/01/29 20:31:00,40,18
2015/01/29 20:32:00,40,18
2015/01/29 20:33:01,40,18
2015/01/29 20:34:01,40,18
2015/01/29 20:35:01,40,18
2015/01/29 20:36:02,40,18
2015/01/29 20:37:02,40,18
2015/01/29 20:38:03,40,18
2015/01/29 20:39:03,40,18
2015/01/29 20:40:04,40,18
2015/01/29 20:41:04,40,18
2015/01/29 20:42:05,40,18
2015/01/29 20:43:05,40,18
2015/01/29 20:44:06,40,18
2015/01/29 20:45:06,40,18
2015/01/29 20:46:07,40,18
2015/01/29 20:47:07,40,18
2015/01/29 20:48:08,40,18
2015/01/29 20:49:08,40,18
2015/01/29 20:50:09,40,18
2015/01/29 20:51:10,40,18
2015/01/29 20:52:11,40,18
2015/01/29 20:53:11,40,18
2015/01/29 20:54:12,40,18
2015/01/29 20:55:12,40,18
2015/01/29 20:56:13,40,18
2015/01/29 20:57:13,40,18
2015/01/29 20:58:14,40,18
2015/01/29 20:59:14,40,18
2015/01/29 21:00:15,40,18
2015/01/29 21:01:15,40,18
2015/01/29 21:02:16,40,18
2015/01/29 21:03:16,40,18
2015/01/29 21:04:16,40,18
2015/01/29 21:05:17,40,18
2015/01/29 21:06:17,40,18
2015/01/29 21:07:18,40,18
2015/01/29 21:08:19,40,18
2015/01/29 21:09:19,40,18
2015/01/29 21:10:19,40,18
2015/01/29 21:11:20,40,18
2015/01/29 21:12:20,40,18
2015/01/29 21:13:21,40,18
2015/01/29 21:14:22,40,18
2015/01/29 21:15:22,40,18
2015/01/29 21:16:23,40,18
2015/01/29 21:17:23,40,18
2015/01/29 21:18:23,40,18
2015/01/29 21:19:24,40,18
2015/01/29 21:20:24,40,18
2015/01/29 21:21:25,40,18
2015/01/29 21:22:25,40,18
2015/01/29 21:23:26,40,18
2015/01/29 21:24:26,40,18
2015/01/29 21:25:27,40,18
2015/01/29 21:26:27,40,18
2015/01/29 21:27:28,40,18
2015/01/29 21:28:28,40,18
2015/01/29 21:29:29,40,18
2015/01/29 21:30:29,40,18
2015/01/29 21:31:30,40,18
2015/01/29 21:32:30,40,18
2015/01/29 21:33:31,40,18
2015/01/29 21:34:31,40,18
2015/01/29 21:35:32,40,18
2015/01/29 21:36:32,40,18
2015/01/29 21:37:33,40,18
2015/01/29 21:38:33,40,18
2015/01/29 21:39:34,40,18
2015/01/29 21:40:34,40,18
2015/01/29 21:41:35,40,18
2015/01/29 21:42:35,40,18
2015/01/29 21:43:36,40,18
2015/01/29 21:44:36,40,18
2015/01/29 21:45:37,40,18
2015/01/29 21:46:37,40,18
2015/01/29 21:47:38,40,18
2015/01/29 21:48:39,40,18
2015/01/29 21:49:39,40,18
2015/01/29 21:50:40,40,18
2015/01/29 21:51:40,40,18
2015/01/29 21:52:40,40,18
2015/01/29 21:53:41,40,18
2015/01/29 21:54:41,40,18
2015/01/29 21:55:42,40,18
2015/01/29 21:56:42,40,18
2015/01/29 21:57:43,40,18
2015/01/29 21:58:43,40,18
2015/01/29 21:59:44,40,18
2015/01/29 22:00:44,40,18
2015/01/29 22:01:45,40,18
2015/01/29 22:02:46,40,18
2015/01/29 22:03:46,40,18
2015/01/29 22:04:47,40,18
2015/01/29 22:05:47,40,18
2015/01/29 22:06:48,40,18
2015/01/29 22:07:48,40,18
2015/01/29 22:08:49,40,18
2015/01/29 22:09:49,40,18
2015/01/29 22:10:50,40,18
2015/01/29 22:11:50,40,18
2015/01/29 22:12:51,40,18
2015/01/29 22:13:51,40,18
2015/01/29 22:14:52,40,18
2015/01/29 22:15:52,40,18
2015/01/29 22:16:53,40,18
2015/01/29 22:17:53,40,18
2015/01/29 22:18:54,40,18
2015/01/29 22:19:56,40,18
2015/01/29 22:20:24,40,18
2015/01/29 22:30:24,40,18
2015/01/29 22:40:25,40,18
2015/01/29 22:50:25,40,18
2015/01/29 23:00:26,40,18
2015/01/29 23:10:26,40,18
2015/01/29 23:20:27,40,18
2015/01/29 23:30:27,40,18
2015/01/29 23:40:28,40,18
2015/01/29 23:50:28,40,18
2015/01/30 00:00:29,40,18
2015/01/30 00:10:29,40,18
2015/01/30 00:20:30,40,18
2015/01/30 00:30:30,40,18
2015/01/30 00:40:31,40,18
2015/01/30 00:50:32,40,18
2015/01/30 01:00:32,40,18
2015/01/30 01:10:33,40,18
2015/01/30 01:20:33,40,18
2015/01/30 01:30:34,40,18
2015/01/30 01:40:34,40,18
2015/01/30 01:50:35,40,18
2015/01/30 02:00:35,40,18
2015/01/30 02:10:36,40,17
2015/01/30 02:20:36,39,17
2015/01/30 02:30:37,40,17
2015/01/30 02:40:37,40,17
2015/01/30 02:50:38,40,17
2015/01/30 03:00:38,40,17
2015/01/30 03:10:39,39,17
2015/01/30 03:20:40,40,17
2015/01/30 03:30:40,40,17
2015/01/30 03:40:41,40,17
2015/01/30 03:50:41,39,17
2015/01/30 04:00:42,39,17
2015/01/30 04:10:42,39,17
2015/01/30 04:20:43,40,17
2015/01/30 04:30:43,39,17
2015/01/30 04:40:44,39,17
2015/01/30 04:50:45,39,17
2015/01/30 05:00:46,39,17
2015/01/30 05:10:46,39,17
2015/01/30 05:20:47,39,17
2015/01/30 05:30:47,39,17
2015/01/30 05:40:48,39,17
2015/01/30 05:50:48,40,17
2015/01/30 06:00:49,39,17
2015/01/30 06:10:49,39,17
2015/01/30 06:20:50,39,17
2015/01/30 06:30:50,40,17
2015/01/30 06:40:51,40,17
2015/01/30 06:50:52,39,17
2015/01/30 07:00:52,40,17
2015/01/30 07:10:53,40,17
2015/01/30 07:20:53,39,17
2015/01/30 07:30:54,40,18
2015/01/30 07:40:54,40,18
2015/01/30 07:50:55,39,18
2015/01/30 08:00:55,39,18
2015/01/30 08:10:56,40,18
2015/01/30 08:20:56,39,18
2015/01/30 08:30:57,39,18
2015/01/30 08:40:57,39,18
2015/01/30 08:50:58,40,18
2015/01/30 09:00:58,40,18
2015/01/30 09:10:59,39,18
2015/01/30 09:20:59,40,18
2015/01/30 09:31:00,39,18
2015/01/30 09:41:00,39,18
2015/01/30 09:51:01,39,18
2015/01/30 10:01:02,39,18
2015/01/30 10:11:02,39,18
2015/01/30 10:21:02,39,18
2015/01/30 10:31:03,39,18
2015/01/30 10:41:04,39,18
2015/01/30 10:51:04,39,18
2015/01/30 11:01:05,40,18
2015/01/30 11:11:05,39,18
2015/01/30 11:21:06,39,18
2015/01/30 11:31:06,39,18
2015/01/30 11:41:07,39,18
2015/01/30 11:51:07,39,18
2015/01/30 12:01:08,39,18
2015/01/30 12:11:09,39,18
2015/01/30 12:21:09,39,18
2015/01/30 12:31:10,39,18
2015/01/30 12:41:10,39,18
2015/01/30 12:51:11,39,18
2015/01/30 13:01:11,39,18
2015/01/30 13:11:12,39,18
2015/01/30 13:21:12,39,18
2015/01/30 13:31:13,39,18
2015/01/30 13:41:13,39,18
2015/01/30 13:51:14,39,18
2015/01/30 14:01:14,39,18
2015/01/30 14:11:15,39,18
2015/01/30 14:21:15,39,18
2015/01/30 14:31:16,39,18
2015/01/30 14:41:16,39,18
2015/01/30 14:51:17,39,18
2015/01/30 15:01:17,39,18
2015/01/30 15:11:18,39,18
2015/01/30 15:21:19,39,18
2015/01/30 15:31:19,39,18
2015/01/30 15:41:20,39,18
2015/01/30 15:51:20,38,18
2015/01/30 16:01:21,38,18
2015/01/30 16:11:21,38,18
2015/01/30 16:21:22,38,18
2015/01/30 16:31:22,38,18
2015/01/30 16:41:23,39,18
2015/01/30 16:51:23,38,18
2015/01/30 17:01:24,38,18
2015/01/30 17:11:24,39,18
2015/01/30 17:21:25,39,18
2015/01/30 17:31:25,39,18
2015/01/30 17:41:26,39,18
2015/01/30 17:51:26,39,18
2015/01/30 18:01:27,39,18
2015/01/30 18:11:28,39,18
2015/01/30 18:21:28,39,18
2015/01/30 18:31:29,39,18
2015/01/30 18:41:29,40,18
2015/01/30 18:51:30,40,18
2015/01/30 19:01:30,40,18
2015/01/30 19:11:31,40,18
2015/01/30 19:21:31,40,18
2015/01/30 19:31:32,41,18
2015/01/30 19:41:32,40,18
2015/01/30 19:51:33,40,18
2015/01/30 20:01:33,41,18
2015/01/30 20:11:34,41,18
2015/01/30 20:21:34,41,18
2015/01/30 20:31:35,41,18
2015/01/30 20:41:35,41,18
2015/01/30 20:51:36,41,18
2015/01/30 21:01:37,41,18
2015/01/30 21:11:37,40,18
2015/01/30 21:21:38,40,18
2015/01/30 21:31:38,41,18
2015/01/30 21:41:39,40,18
2015/01/30 21:51:39,40,18
2015/01/30 22:01:40,40,18
2015/01/30 22:11:40,40,18
2015/01/30 22:21:41,41,18
2015/01/30 22:31:41,41,18
2015/01/30 22:41:42,41,18
2015/01/30 22:51:42,41,18
2015/01/30 23:01:43,41,18
2015/01/30 23:11:43,42,18
2015/01/30 23:21:44,41,18
2015/01/30 23:31:45,41,18
2015/01/30 23:41:45,42,18
2015/01/30 23:51:46,42,18
2015/01/31 00:01:46,42,18
2015/01/31 00:11:47,42,18
2015/01/31 00:21:47,42,18
2015/01/31 00:31:48,41,18
2015/01/31 00:41:48,41,17
2015/01/31 00:51:49,41,17
2015/01/31 01:01:49,41,17
2015/01/31 01:11:50,41,17
2015/01/31 01:21:50,41,17
2015/01/31 01:31:51,41,17
2015/01/31 01:41:52,41,17
2015/01/31 01:51:52,41,17
2015/01/31 02:01:53,41,17
2015/01/31 02:11:54,42,17
2015/01/31 02:21:55,41,17
2015/01/31 02:31:55,41,17
2015/01/31 02:41:56,41,17
2015/01/31 02:51:56,41,17
2015/01/31 03:01:57,41,17
2015/01/31 03:11:57,41,17
2015/01/31 03:21:58,41,17
2015/01/31 03:31:58,41,17
2015/01/31 03:41:59,41,17
2015/01/31 03:51:59,41,17
2015/01/31 04:02:00,41,17
2015/01/31 04:12:01,41,17
2015/01/31 04:22:01,41,17
2015/01/31 04:32:02,42,17
2015/01/31 04:42:02,42,16
2015/01/31 04:52:03,42,16
2015/01/31 05:02:03,42,16
2015/01/31 05:12:04,42,16
2015/01/31 05:22:04,42,16
2015/01/31 05:32:05,42,16
2015/01/31 05:42:05,42,16
2015/01/31 05:52:06,42,16
2015/01/31 06:02:06,42,16
2015/01/31 06:12:07,42,16
2015/01/31 06:22:07,42,17
2015/01/31 06:32:08,41,17
2015/01/31 06:42:08,42,17
2015/01/31 06:52:09,41,17
2015/01/31 07:02:10,41,17
2015/01/31 07:12:10,41,17
2015/01/31 07:22:11,41,18
2015/01/31 07:32:11,41,18
2015/01/31 07:42:12,41,18
2015/01/31 07:52:12,41,18
2015/01/31 08:02:13,41,18
2015/01/31 08:12:13,41,18
2015/01/31 08:22:14,41,18
2015/01/31 08:32:14,40,19
2015/01/31 08:42:15,40,18
2015/01/31 08:52:16,40,18
2015/01/31 09:02:16,41,18
2015/01/31 09:12:17,41,18
2015/01/31 09:22:17,40,19
2015/01/31 09:32:18,40,19
2015/01/31 09:42:18,40,19
2015/01/31 09:52:19,41,18
2015/01/31 10:02:19,41,18
2015/01/31 10:12:20,41,18
2015/01/31 10:22:20,41,18
2015/01/31 10:32:21,41,18
2015/01/31 10:42:21,40,18
2015/01/31 10:52:22,40,18
2015/01/31 11:02:23,40,18
2015/01/31 11:12:23,40,18
2015/01/31 11:22:24,40,18
2015/01/31 11:32:24,40,18
2015/01/31 11:42:25,40,18
2015/01/31 11:52:26,40,18
2015/01/31 12:02:26,40,18
2015/01/31 12:12:27,40,18
2015/01/31 12:22:27,40,18
2015/01/31 12:32:28,40,18
2015/01/31 12:42:28,40,18
2015/01/31 12:52:29,40,18
2015/01/31 13:02:29,40,18
2015/01/31 13:12:30,40,18
2015/01/31 13:22:31,40,18
2015/01/31 13:32:31,40,18
2015/01/31 13:42:32,40,18
2015/01/31 13:52:32,40,18
2015/01/31 14:02:33,40,18
2015/01/31 14:12:33,39,18
2015/01/31 14:22:34,39,18
2015/01/31 14:32:34,39,18
2015/01/31 14:42:35,39,18
2015/01/31 14:52:35,39,18
2015/01/31 15:02:36,39,18
2015/01/31 15:12:36,39,18
2015/01/31 15:22:37,39,18
2015/01/31 15:32:38,39,18
2015/01/31 15:42:38,39,18
2015/01/31 15:52:39,39,18
2015/01/31 16:02:39,39,18
2015/01/31 16:12:40,39,18
2015/01/31 16:22:40,39,18
2015/01/31 16:32:41,39,18
2015/01/31 16:42:41,39,18
2015/01/31 16:52:42,39,18
2015/01/31 17:02:42,39,18
2015/01/31 17:12:43,39,18
2015/01/31 17:22:44,39,18
2015/01/31 17:32:44,39,18
2015/01/31 17:42:45,39,18
2015/01/31 17:52:45,39,18
2015/01/31 18:02:46,39,18
2015/01/31 18:12:46,39,18
2015/01/31 18:22:47,39,18
2015/01/31 18:32:47,39,18
2015/01/31 18:42:48,39,18
2015/01/31 18:52:48,39,18
2015/01/31 19:02:49,40,18
2015/01/31 19:12:49,39,18
2015/01/31 19:22:50,39,18
2015/01/31 19:32:50,39,18
2015/01/31 19:42:51,39,18
2015/01/31 19:52:51,39,18
2015/01/31 20:02:52,39,18
2015/01/31 20:12:53,39,18
2015/01/31 20:22:53,39,18
2015/01/31 20:32:54,39,18
2015/01/31 20:42:54,39,18
2015/01/31 20:52:55,39,18
2015/01/31 21:02:55,39,18
2015/01/31 21:12:56,39,18
2015/01/31 21:22:56,39,18
2015/01/31 21:32:57,39,18
2015/01/31 21:42:57,39,18
2015/01/31 21:52:58,39,18
2015/01/31 22:02:58,39,18
2015/01/31 22:12:59,39,18
2015/01/31 22:22:59,39,18
2015/01/31 22:33:00,39,18
2015/01/31 22:43:00,39,18
2015/01/31 22:53:01,39,18
2015/01/31 23:03:02,39,18
2015/01/31 23:13:02,39,18
2015/01/31 23:23:03,39,18
2015/01/31 23:33:04,39,18
2015/01/31 23:43:04,39,18
2015/01/31 23:53:05,39,18
2015/02/01 00:03:06,39,18
2015/02/01 00:13:06,39,18
2015/02/01 00:23:07,39,18
2015/02/01 00:33:07,39,18
2015/02/01 00:43:08,39,18
2015/02/01 00:53:08,39,18
2015/02/01 01:03:09,39,17
2015/02/01 01:13:09,39,17
2015/02/01 01:23:10,39,17
2015/02/01 01:33:10,39,17
2015/02/01 01:43:11,39,17
2015/02/01 01:53:11,39,17
2015/02/01 02:03:12,39,17
2015/02/01 02:13:12,39,17
2015/02/01 02:23:13,39,17
2015/02/01 02:33:14,39,17
2015/02/01 02:43:14,39,17
2015/02/01 02:53:15,39,17
2015/02/01 03:03:15,39,17
2015/02/01 03:13:16,39,17
2015/02/01 03:23:16,39,17
2015/02/01 03:33:17,39,17
2015/02/01 03:43:17,39,17
2015/02/01 03:53:18,39,17
2015/02/01 04:03:18,39,17
2015/02/01 04:13:19,39,17
2015/02/01 04:23:20,40,16
2015/02/01 04:33:20,40,16
2015/02/01 04:43:21,40,16
2015/02/01 04:53:21,40,16
2015/02/01 05:03:22,40,16
2015/02/01 05:13:22,40,16
2015/02/01 05:23:23,40,16
2015/02/01 05:33:23,40,16
2015/02/01 05:43:24,40,16
2015/02/01 05:53:24,40,16
2015/02/01 06:03:25,40,16
2015/02/01 06:13:25,39,17
2015/02/01 06:23:26,39,17
2015/02/01 06:33:26,39,17
2015/02/01 06:43:27,39,17
2015/02/01 06:53:27,39,17
2015/02/01 07:03:28,39,17
2015/02/01 07:13:28,39,17
2015/02/01 07:23:29,39,17
2015/02/01 07:33:30,39,18
2015/02/01 07:43:30,39,18
2015/02/01 07:53:31,39,18
2015/02/01 08:03:31,38,19
2015/02/01 08:13:32,38,20
2015/02/01 08:23:32,38,20
2015/02/01 08:33:33,37,21
2015/02/01 08:43:33,38,20
2015/02/01 10:20:46,39,18
2015/02/01 10:30:46,39,18
2015/02/01 10:40:47,39,18
2015/02/01 10:50:47,39,18
2015/02/01 11:00:48,39,18
2015/02/01 11:10:48,39,18
2015/02/01 11:30:09,39,18
2015/02/01 11:40:09,39,18
2015/02/01 11:50:10,39,18
2015/02/01 12:00:10,39,18
2015/02/01 12:10:11,39,18
2015/02/01 12:20:11,39,18
2015/02/01 12:30:12,39,18
2015/02/01 12:40:12,39,18
2015/02/01 12:50:13,39,18
2015/02/01 13:00:13,39,18
2015/02/01 13:10:14,39,18
2015/02/01 13:20:14,39,18
2015/02/01 13:30:15,39,18
2015/02/01 13:40:15,39,18
2015/02/01 13:50:16,39,18
2015/02/01 14:00:16,39,18
2015/02/01 14:10:17,39,18
2015/02/01 14:20:17,39,18
2015/02/01 14:30:18,39,18
2015/02/01 14:40:18,39,18
2015/02/01 14:50:19,39,18
2015/02/01 15:00:19,39,18
2015/02/01 15:10:20,39,18
2015/02/01 15:20:20,38,18
2015/02/01 15:30:21,38,18
2015/02/01 15:40:21,38,18
2015/02/01 15:50:22,38,18
2015/02/01 16:00:22,38,18
2015/02/01 16:10:23,38,18
2015/02/01 16:20:23,38,18
2015/02/01 16:30:24,38,18
2015/02/01 16:40:24,38,18
2015/02/01 16:50:25,38,18
2015/02/01 17:00:25,38,18
2015/02/01 17:10:26,38,18
2015/02/01 17:20:26,38,18
2015/02/01 17:30:27,38,18
2015/02/01 17:40:27,38,18
2015/02/01 17:50:28,38,18
2015/02/01 18:00:28,38,18
2015/02/01 18:10:29,38,18
2015/02/01 18:20:29,38,18
2015/02/01 18:30:30,38,18
2015/02/01 18:40:30,38,18
2015/02/01 18:50:31,38,18
2015/02/01 19:00:31,38,18
2015/02/01 19:10:32,39,18
2015/02/01 19:20:33,39,18
2015/02/01 19:30:33,38,18
2015/02/01 19:40:34,37,19
2015/02/01 19:50:34,37,19
2015/02/01 20:00:35,37,19
2015/02/01 20:10:35,37,19
2015/02/01 20:20:36,37,19
2015/02/01 20:30:36,39,18
2015/02/01 20:40:37,38,18
2015/02/01 20:50:37,39,18
2015/02/01 21:00:38,39,18
2015/02/01 21:10:38,38,18
2015/02/01 21:20:39,38,18
2015/02/01 21:30:39,39,18
2015/02/01 21:40:40,39,18
2015/02/01 21:50:40,39,18
2015/02/01 22:00:41,39,18
2015/02/01 22:10:41,39,18
2015/02/01 22:20:42,39,18
2015/02/01 22:30:42,39,18
2015/02/01 22:40:44,38,19
2015/02/01 22:50:44,38,19
2015/02/01 23:00:45,38,19
2015/02/01 23:10:45,38,19
2015/02/01 23:20:46,39,18
2015/02/01 23:30:46,39,18
2015/02/01 23:40:47,39,18
2015/02/01 23:50:47,39,18
2015/02/02 00:00:48,39,18
2015/02/02 00:10:49,39,18
2015/02/02 00:20:49,39,18
2015/02/02 00:30:50,39,18
2015/02/02 00:40:50,39,18
2015/02/02 00:50:51,39,18
2015/02/02 01:00:51,39,18
2015/02/02 01:10:52,38,18
2015/02/02 01:20:52,39,18
2015/02/02 01:30:53,38,18
2015/02/02 01:40:53,38,18
2015/02/02 01:50:54,39,18
2015/02/02 02:00:54,38,17
2015/02/02 02:10:55,39,17
2015/02/02 02:20:55,39,17
2015/02/02 02:30:56,38,17
2015/02/02 02:40:56,38,17
2015/02/02 02:50:57,38,17
2015/02/02 03:00:57,38,17
2015/02/02 03:10:58,38,17
2015/02/02 03:20:59,38,17
2015/02/02 03:30:59,38,17
2015/02/02 03:41:00,38,17
2015/02/02 03:51:00,38,17
2015/02/02 04:01:01,38,17
2015/02/02 04:11:01,38,17
2015/02/02 04:21:02,39,17
2015/02/02 04:31:02,38,17
2015/02/02 04:41:03,38,17
2015/02/02 04:51:03,38,17
2015/02/02 05:01:04,39,17
2015/02/02 05:11:04,38,17
2015/02/02 05:21:05,38,17
2015/02/02 05:31:05,39,16
2015/02/02 05:41:06,39,16
2015/02/02 05:51:06,38,17
2015/02/02 06:01:07,38,17
2015/02/02 06:11:07,38,17
2015/02/02 06:21:08,38,17
2015/02/02 06:31:08,38,17
2015/02/02 06:41:09,38,17
2015/02/02 06:51:09,38,17
2015/02/02 07:01:10,38,17
2015/02/02 07:11:10,38,17
2015/02/02 07:21:11,38,17
2015/02/02 07:31:11,38,18
2015/02/02 07:41:12,37,19
2015/02/02 07:51:12,37,19
2015/02/02 08:01:13,37,19
2015/02/02 08:11:13,38,20
2015/02/02 08:21:14,37,19
2015/02/02 08:31:15,37,19
2015/02/02 08:41:15,37,19
2015/02/02 08:51:16,36,21
2015/02/02 09:01:16,36,22
2015/02/02 09:11:17,36,21
2015/02/02 09:21:17,37,20
2015/02/02 09:31:18,37,20
2015/02/02 09:41:18,37,20
2015/02/02 09:51:19,38,18
2015/02/02 10:01:19,38,18
2015/02/02 10:11:20,38,18
2015/02/02 10:21:20,38,18
2015/02/02 10:31:21,38,18
2015/02/02 10:41:21,38,18
2015/02/02 10:51:22,38,18
2015/02/02 11:01:22,38,18
2015/02/02 11:11:23,38,18
2015/02/02 11:21:23,38,18
2015/02/02 11:31:24,38,18
2015/02/02 11:41:24,38,18
2015/02/02 11:51:25,39,18
2015/02/02 12:01:25,39,18
2015/02/02 12:11:26,39,18
2015/02/02 12:21:26,39,18
2015/02/02 12:31:27,39,18
2015/02/02 12:41:27,39,18
2015/02/02 12:51:28,39,18
2015/02/02 13:01:29,39,18
2015/02/02 13:11:29,39,18
2015/02/02 13:21:30,39,18
2015/02/02 13:31:30,39,18
2015/02/02 13:41:31,39,18
2015/02/02 13:51:31,39,18
2015/02/02 14:01:32,39,18
2015/02/02 14:11:32,39,18
2015/02/02 14:21:33,39,18
2015/02/02 14:31:33,39,18
2015/02/02 14:41:33,39,18
2015/02/02 14:51:34,39,18
2015/02/02 15:01:35,39,18
2015/02/02 15:11:35,39,18
2015/02/02 15:21:35,39,18
2015/02/02 15:31:36,39,18
2015/02/02 15:41:36,39,18
2015/02/02 15:51:37,39,18
2015/02/02 16:01:38,39,18
2015/02/02 16:11:38,39,18
2015/02/02 16:21:39,39,18
2015/02/02 16:31:39,39,18
2015/02/02 16:41:40,39,18
2015/02/02 16:51:40,39,18
2015/02/02 17:01:40,39,18
2015/02/02 17:11:41,39,18
2015/02/02 17:21:42,39,18
2015/02/02 17:31:42,39,18
2015/02/02 17:41:43,39,18
2015/02/02 17:51:43,39,18
2015/02/02 18:01:44,39,18
2015/02/02 18:11:44,39,18
2015/02/02 18:21:45,39,18
2015/02/02 18:31:45,39,18
2015/02/02 18:41:46,39,18
2015/02/02 18:51:46,39,18
2015/02/02 19:01:47,39,18
2015/02/02 19:11:47,39,18
2015/02/02 19:21:48,39,18
2015/02/02 19:31:48,39,18
2015/02/02 19:41:49,39,18
2015/02/02 19:51:49,39,18
2015/02/02 20:01:51,39,18
2015/02/02 20:11:51,39,18
2015/02/02 20:21:52,39,18
2015/02/02 20:31:52,39,18
2015/02/02 20:41:53,39,18
2015/02/02 20:51:53,39,18
2015/02/02 21:01:54,39,18
2015/02/02 21:11:54,39,18
2015/02/02 21:21:55,39,18
2015/02/02 21:31:55,39,18
2015/02/02 21:41:56,39,18
2015/02/02 21:51:56,39,18
2015/02/02 22:01:57,39,18
2015/02/02 22:11:57,39,18
2015/02/02 22:21:58,39,18
2015/02/02 22:31:58,39,18
2015/02/02 22:41:59,39,18
2015/02/02 22:51:59,39,18
2015/02/02 23:02:00,39,18
2015/02/02 23:12:00,39,18
2015/02/02 23:22:01,39,18
2015/02/02 23:32:01,39,18
2015/02/02 23:42:02,39,18
2015/02/02 23:52:02,39,18
2015/02/03 00:02:03,39,18
2015/02/03 00:12:03,39,18
2015/02/03 00:22:04,39,18
2015/02/03 00:32:04,39,18
2015/02/03 00:42:05,39,18
2015/02/03 00:52:05,39,18
2015/02/03 01:02:06,39,18
2015/02/03 01:12:07,39,18
2015/02/03 01:22:07,39,17
2015/02/03 01:32:07,39,17
2015/02/03 01:42:08,39,17
2015/02/03 01:52:08,39,17
2015/02/03 02:02:09,39,17
2015/02/03 02:12:09,39,17
2015/02/03 02:22:10,39,17
2015/02/03 02:32:10,39,17
2015/02/03 02:42:11,39,17
2015/02/03 02:52:11,39,17
2015/02/03 03:02:12,39,17
2015/02/03 03:12:12,39,17
2015/02/03 03:22:13,39,17
2015/02/03 03:32:13,39,17
2015/02/03 03:42:14,39,17
2015/02/03 03:52:14,39,17
2015/02/03 04:02:15,39,17
2015/02/03 04:12:16,39,17
2015/02/03 04:22:16,39,17
2015/02/03 04:32:17,39,17
2015/02/03 04:42:17,39,17
2015/02/03 04:52:18,39,16
2015/02/03 05:02:18,40,16
2015/02/03 05:12:19,40,16
2015/02/03 05:22:19,39,16
2015/02/03 05:32:20,40,16
2015/02/03 05:42:20,39,17
2015/02/03 05:52:21,38,17
2015/02/03 06:02:21,38,17
2015/02/03 06:12:22,39,17
2015/02/03 06:22:22,39,17
2015/02/03 06:32:23,39,17
2015/02/03 06:42:23,39,17
2015/02/03 06:52:24,39,17
2015/02/03 07:02:24,39,17
2015/02/03 07:12:25,39,17
2015/02/03 07:22:25,39,17
2015/02/03 07:32:26,38,17
2015/02/03 07:42:26,38,17
2015/02/03 07:52:27,38,17
2015/02/03 08:02:27,38,17
2015/02/03 08:12:28,38,18
2015/02/03 08:22:28,38,18
2015/02/03 08:32:28,39,18
2015/02/03 08:42:29,39,18
2015/02/03 08:52:30,39,18
2015/02/03 09:02:30,38,18
2015/02/03 09:12:31,39,18
2015/02/03 09:22:31,39,18
2015/02/03 09:32:32,39,18
2015/02/03 09:42:32,39,18
2015/02/03 09:52:33,39,18
2015/02/03 10:02:33,39,18
2015/02/03 10:12:34,39,18
2015/02/03 10:22:34,39,18
2015/02/03 10:32:35,38,18
2015/02/03 10:42:35,39,18
2015/02/03 10:52:36,39,18
2015/02/03 11:02:36,39,18
2015/02/03 11:12:37,39,18
2015/02/03 11:22:37,39,18
2015/02/03 11:32:38,39,18
2015/02/03 11:42:38,38,18
2015/02/03 11:52:39,38,18
2015/02/03 12:02:39,39,18
2015/02/03 12:12:40,39,18
2015/02/03 12:22:40,39,18
2015/02/03 12:32:41,38,18
2015/02/03 12:42:41,39,18
2015/02/03 12:52:42,39,18
2015/02/03 13:02:42,39,18
2015/02/03 13:12:43,39,18
2015/02/03 13:22:43,39,18
2015/02/03 13:32:44,39,18
2015/02/03 13:42:44,39,18
2015/02/03 13:52:45,39,18
2015/02/03 14:02:45,39,18
2015/02/03 14:12:46,39,18
2015/02/03 14:22:46,39,18
2015/02/03 14:32:47,39,18
2015/02/03 14:42:47,39,18
2015/02/03 14:52:48,39,18
2015/02/03 15:02:48,39,18
2015/02/03 15:12:49,39,18
2015/02/03 15:22:49,39,18
2015/02/03 15:32:50,39,18
2015/02/03 15:42:50,39,18
2015/02/03 15:52:51,39,18
2015/02/03 16:02:51,39,18
2015/02/03 16:12:52,39,18
2015/02/03 16:22:52,39,18
2015/02/03 16:32:53,39,18
2015/02/03 16:42:54,39,18
2015/02/03 16:52:54,39,18
2015/02/03 17:02:55,39,18
2015/02/03 17:12:55,39,18
2015/02/03 17:22:56,39,17
2015/02/03 17:32:57,39,17
2015/02/03 17:42:57,39,17
2015/02/03 17:52:58,39,18
2015/02/03 18:02:58,39,18
2015/02/03 18:12:59,39,18
2015/02/03 18:22:59,39,18
2015/02/03 18:33:00,39,18
2015/02/03 18:43:00,39,17
2015/02/03 18:53:01,39,17
2015/02/03 19:03:01,39,17
2015/02/03 19:13:02,39,17
2015/02/03 19:23:02,39,18
2015/02/03 19:33:03,39,18
2015/02/03 19:43:03,39,17
2015/02/03 19:53:04,39,18
2015/02/03 20:03:04,39,18
2015/02/03 20:13:05,39,18
2015/02/03 20:23:05,39,17
2015/02/03 20:33:06,39,18
2015/02/03 20:43:06,39,18
2015/02/03 20:53:07,39,18
2015/02/03 21:03:07,39,18
2015/02/03 21:13:08,39,18
2015/02/03 21:23:08,39,18
2015/02/03 21:33:09,39,18
2015/02/03 21:43:09,39,18
2015/02/03 21:53:10,39,18
2015/02/03 22:03:10,39,18
2015/02/03 22:13:11,40,18
2015/02/03 22:23:11,39,18
2015/02/03 22:33:12,39,18
2015/02/03 22:43:12,39,18
2015/02/03 22:53:13,39,18
2015/02/03 23:03:13,39,18
2015/02/03 23:13:14,39,18
2015/02/03 23:23:14,39,18
2015/02/03 23:33:15,39,18
2015/02/03 23:43:15,39,18
2015/02/03 23:53:16,39,18
2015/02/04 00:03:16,39,18
2015/02/04 00:13:17,39,18
2015/02/04 00:23:17,39,17
2015/02/04 00:33:18,39,17
2015/02/04 00:43:18,39,17
2015/02/04 00:53:19,39,17
2015/02/04 01:03:19,39,17
2015/02/04 01:13:20,39,17
2015/02/04 01:23:20,39,17
2015/02/04 01:33:21,39,17
2015/02/04 01:43:21,39,17
2015/02/04 01:53:22,39,17
2015/02/04 02:03:23,39,17
2015/02/04 02:13:23,39,17
2015/02/04 02:23:24,39,17
2015/02/04 02:33:24,39,17
2015/02/04 02:43:25,39,17
2015/02/04 02:53:25,39,17
2015/02/04 03:03:26,39,17
2015/02/04 03:13:26,39,17
2015/02/04 03:23:27,39,17
2015/02/04 03:33:27,39,17
2015/02/04 03:43:28,39,17
2015/02/04 03:53:28,39,17
2015/02/04 04:03:29,40,16
2015/02/04 04:13:29,40,16
2015/02/04 04:23:30,40,16
2015/02/04 04:33:30,40,16
2015/02/04 04:43:30,40,16
2015/02/04 04:53:31,40,16
2015/02/04 05:03:31,40,16
2015/02/04 05:13:32,40,16
2015/02/04 05:23:32,40,16
2015/02/04 05:33:33,40,16
2015/02/04 05:43:33,40,16
2015/02/04 05:53:34,39,17
2015/02/04 06:03:34,39,17
2015/02/04 06:13:35,39,17
2015/02/04 06:23:35,39,17
2015/02/04 06:33:36,39,17
2015/02/04 06:43:36,39,17
2015/02/04 06:53:37,39,17
2015/02/04 07:03:37,39,17
2015/02/04 07:13:38,39,17
2015/02/04 07:23:38,39,17
2015/02/04 07:33:39,39,17
2015/02/04 07:43:39,39,17
2015/02/04 07:53:40,39,17
2015/02/04 08:03:40,39,17
2015/02/04 08:13:41,39,17
2015/02/04 08:23:42,39,17
2015/02/04 08:33:42,39,17
2015/02/04 08:43:43,39,17
2015/02/04 08:53:43,39,17
2015/02/04 09:03:43,39,17
2015/02/04 09:13:44,39,17
2015/02/04 09:23:44,39,17
2015/02/04 09:33:45,39,18
2015/02/04 09:43:45,39,18
2015/02/04 09:53:46,39,18
2015/02/04 10:03:47,39,18
2015/02/04 10:13:47,39,18
2015/02/04 10:23:48,39,18
2015/02/04 10:33:48,39,18
2015/02/04 10:43:49,39,18
2015/02/04 10:53:49,39,18
2015/02/04 11:03:50,39,18
2015/02/04 11:13:50,39,18
2015/02/04 11:23:51,39,18
2015/02/04 11:33:51,39,18
2015/02/04 11:43:52,39,18
2015/02/04 11:53:52,39,18
2015/02/04 12:03:53,39,18
2015/02/04 12:13:53,39,18
2015/02/04 12:23:54,39,18
2015/02/04 12:33:54,39,18
2015/02/04 12:43:55,39,18
2015/02/04 12:53:55,39,18
2015/02/04 13:03:56,39,18
2015/02/04 13:13:56,39,18
2015/02/04 13:23:57,39,17
2015/02/04 13:33:57,39,17
2015/02/04 13:43:58,39,17
2015/02/04 13:53:58,39,17
2015/02/04 14:03:59,39,17
2015/02/04 14:13:59,39,17
2015/02/04 14:24:00,39,17
2015/02/04 14:34:00,39,18
2015/02/04 14:44:02,39,18
2015/02/04 14:54:02,39,18
2015/02/04 15:04:03,39,18
2015/02/04 15:14:03,39,18
2015/02/04 15:24:04,39,18
2015/02/04 15:34:04,39,18
2015/02/04 15:44:05,39,18
2015/02/04 15:54:05,39,18
2015/02/04 16:04:06,39,18
2015/02/04 16:14:06,39,18
2015/02/04 16:24:07,39,18
2015/02/04 16:34:07,39,18
2015/02/04 16:44:08,39,18
2015/02/04 16:54:08,39,18
2015/02/04 17:04:09,39,18
2015/02/04 17:14:09,39,18
2015/02/04 17:24:10,39,18
2015/02/04 17:34:10,39,18
2015/02/04 17:44:11,39,18
2015/02/04 17:54:11,39,18
2015/02/04 18:04:12,39,18
2015/02/04 18:14:12,39,18
2015/02/04 18:24:12,39,18
2015/02/04 18:34:13,39,18
2015/02/04 18:44:13,39,18
2015/02/04 18:54:14,39,18
2015/02/04 19:04:14,39,18
2015/02/04 19:14:15,39,18
2015/02/04 19:24:15,39,18
2015/02/04 19:34:16,39,18
2015/02/04 19:44:16,39,18
2015/02/04 19:54:17,39,18
2015/02/04 20:04:17,39,17
2015/02/04 20:14:18,39,17
2015/02/04 20:24:18,39,17
2015/02/04 20:34:19,39,17
2015/02/04 20:44:19,39,17
2015/02/04 20:54:20,39,18
2015/02/04 21:04:21,39,18
2015/02/04 21:14:21,39,18
2015/02/04 21:24:22,39,18
2015/02/04 21:34:22,39,18
2015/02/04 21:44:23,39,18
2015/02/04 21:54:23,39,18
2015/02/04 22:04:24,39,18
2015/02/04 22:14:24,39,18
2015/02/04 22:24:25,39,18
2015/02/04 22:34:25,39,18
2015/02/04 22:44:26,39,18
2015/02/04 22:54:26,39,18
2015/02/04 23:04:27,39,18
2015/02/04 23:14:27,39,17
2015/02/04 23:24:28,39,17
2015/02/04 23:34:28,39,18
2015/02/04 23:44:29,39,17
2015/02/04 23:54:29,39,18
2015/02/05 00:04:30,39,18
2015/02/05 00:14:30,39,18
2015/02/05 00:24:31,39,18
2015/02/05 00:34:31,39,18
2015/02/05 00:44:32,39,18
2015/02/05 00:54:32,39,18
2015/02/05 01:04:33,39,17
2015/02/05 01:14:33,39,17
2015/02/05 01:24:34,39,17
2015/02/05 01:34:34,39,17
2015/02/05 01:44:35,39,17
2015/02/05 01:54:35,39,17
2015/02/05 02:04:36,39,17
2015/02/05 02:14:36,39,17
2015/02/05 02:24:37,39,17
2015/02/05 02:34:37,39,17
2015/02/05 02:44:38,39,17
2015/02/05 02:54:38,39,17
2015/02/05 03:04:39,39,17
2015/02/05 03:14:39,39,17
2015/02/05 03:24:40,39,17
2015/02/05 03:34:40,39,17
2015/02/05 03:44:41,39,17
2015/02/05 03:54:41,39,17
2015/02/05 04:04:42,39,17
2015/02/05 04:14:42,39,17
2015/02/05 04:24:43,39,17
2015/02/05 04:34:43,39,17
2015/02/05 04:44:44,39,17
2015/02/05 04:54:44,39,17
2015/02/05 05:04:45,39,17
2015/02/05 05:14:45,39,17
2015/02/05 05:24:46,39,17
2015/02/05 05:34:46,39,17
2015/02/05 05:44:47,39,17
2015/02/05 05:54:47,39,17
2015/02/05 06:04:48,39,17
2015/02/05 06:14:48,39,17
2015/02/05 06:24:49,39,17
2015/02/05 06:34:49,39,17
2015/02/05 06:44:50,39,17
2015/02/05 06:54:50,39,17
2015/02/05 07:04:51,39,17
2015/02/05 07:14:51,39,17
2015/02/05 07:24:52,39,17
2015/02/05 07:34:52,39,17
2015/02/05 07:44:53,39,17
2015/02/05 07:54:53,39,17
2015/02/05 08:04:54,39,17
2015/02/05 08:14:54,39,17
2015/02/05 08:24:55,39,17
2015/02/05 08:34:55,39,17
2015/02/05 08:44:56,39,17
2015/02/05 08:54:56,39,17
2015/02/05 09:04:57,39,17
2015/02/05 09:14:57,39,17
2015/02/05 09:24:58,39,17
2015/02/05 09:34:58,39,17
2015/02/05 09:44:59,39,17
2015/02/05 09:54:59,39,18
2015/02/05 10:05:00,39,18
2015/02/05 10:15:00,39,18
2015/02/05 10:25:01,39,18
2015/02/05 10:35:01,39,18
2015/02/05 10:45:02,39,18
2015/02/05 10:55:02,39,18
2015/02/05 11:05:03,39,18
2015/02/05 11:15:03,39,18
2015/02/05 11:25:04,39,18
2015/02/05 11:35:04,39,18
2015/02/05 11:45:05,39,18
2015/02/05 11:55:06,39,18
2015/02/05 12:05:07,39,18
2015/02/05 12:15:07,39,18
2015/02/05 12:25:08,39,18
2015/02/05 12:35:08,39,18
2015/02/05 12:45:09,39,18
2015/02/05 12:55:09,39,18
2015/02/05 13:05:10,39,18
2015/02/05 13:15:10,39,18
2015/02/05 13:25:11,39,18
2015/02/05 13:35:11,39,18
2015/02/05 13:45:12,39,18
2015/02/05 13:55:12,39,18
2015/02/05 14:05:13,39,18
2015/02/05 14:15:13,39,18
2015/02/05 14:25:14,39,18
2015/02/05 14:35:15,39,18
2015/02/05 14:45:15,39,18
2015/02/05 14:55:16,39,18
2015/02/05 15:05:16,39,18
2015/02/05 15:15:17,39,18
2015/02/05 15:25:17,39,18
2015/02/05 15:35:18,39,18
2015/02/05 15:45:18,39,18
2015/02/05 15:55:19,39,18
2015/02/05 16:05:19,39,18
2015/02/05 16:15:20,39,18
2015/02/05 16:25:20,39,18
2015/02/05 16:35:21,39,18
2015/02/05 16:45:21,39,18
2015/02/05 16:55:22,39,18
2015/02/05 17:05:22,39,18
2015/02/05 17:15:23,39,18
2015/02/05 17:25:23,39,18
2015/02/05 17:35:24,39,18
2015/02/05 17:45:24,39,18
2015/02/05 17:55:25,39,18
2015/02/05 18:05:25,39,18
2015/02/05 18:15:26,39,18
2015/02/05 18:25:27,39,18
2015/02/05 18:35:27,39,18
2015/02/05 18:45:28,39,18
2015/02/05 18:55:28,39,18
2015/02/05 19:05:29,39,18
2015/02/05 19:15:29,39,18
2015/02/05 19:25:30,39,18
2015/02/05 19:35:30,39,18
2015/02/05 19:45:31,39,18
2015/02/05 19:55:31,39,18
2015/02/05 20:05:32,39,18
2015/02/05 20:15:32,39,17
2015/02/05 20:25:33,39,17
2015/02/05 20:35:33,39,17
2015/02/05 20:45:34,39,17
2015/02/05 20:55:34,39,17
2015/02/05 21:05:35,39,17
2015/02/05 21:15:35,39,17
2015/02/05 21:25:36,39,17
2015/02/05 21:35:36,39,17
2015/02/05 21:45:37,39,17
2015/02/05 21:55:37,39,17
2015/02/05 22:05:38,39,17
2015/02/05 22:15:38,39,17
2015/02/05 22:25:39,39,17
2015/02/05 22:35:39,39,17
2015/02/05 22:45:40,39,17
2015/02/05 22:55:40,39,17
2015/02/05 23:05:41,39,17
2015/02/05 23:15:42,39,17
2015/02/05 23:25:42,39,17
2015/02/05 23:35:43,39,17
2015/02/05 23:45:43,39,17
2015/02/05 23:55:44,39,17
2015/02/06 00:05:44,39,17
2015/02/06 00:15:45,39,17
2015/02/06 00:25:45,39,17
2015/02/06 00:35:46,39,17
2015/02/06 00:45:46,39,17
2015/02/06 00:55:47,39,17
2015/02/06 01:05:47,39,17
2015/02/06 01:15:48,39,17
2015/02/06 01:25:48,39,17
2015/02/06 01:35:49,39,17
2015/02/06 01:45:49,39,17
2015/02/06 01:55:50,39,17
2015/02/06 02:05:50,39,17
2015/02/06 02:15:51,39,17
2015/02/06 02:25:51,39,17
2015/02/06 02:35:52,39,17
2015/02/06 02:45:52,39,17
2015/02/06 02:55:53,39,17
2015/02/06 03:05:53,39,17
2015/02/06 03:15:54,39,17
2015/02/06 03:25:54,40,16
2015/02/06 03:35:55,40,16
2015/02/06 03:45:55,40,16
2015/02/06 03:55:56,39,17
2015/02/06 04:05:56,40,16
2015/02/06 04:15:57,40,16
2015/02/06 04:25:57,40,16
2015/02/06 04:35:58,40,16
2015/02/06 04:45:59,40,16
2015/02/06 04:55:59,40,16
2015/02/06 05:06:00,40,16
2015/02/06 05:16:00,40,16
2015/02/06 05:26:01,40,16
2015/02/06 05:36:01,40,16
2015/02/06 05:46:02,40,16
2015/02/06 05:56:02,40,16
2015/02/06 06:06:03,40,16
2015/02/06 06:16:03,39,17
2015/02/06 06:26:04,39,17
2015/02/06 06:36:04,39,17
2015/02/06 06:46:05,39,17
2015/02/06 06:56:05,39,17
2015/02/06 07:06:06,39,17
2015/02/06 07:16:06,39,17
2015/02/06 07:26:07,39,17
2015/02/06 07:36:07,39,17
2015/02/06 07:46:08,39,17
2015/02/06 07:56:09,39,17
2015/02/06 08:06:09,39,17
2015/02/06 08:16:10,39,17
2015/02/06 08:26:10,39,17
2015/02/06 08:36:11,39,17
2015/02/06 08:46:11,39,17
2015/02/06 08:56:12,39,17
2015/02/06 09:06:12,39,17
2015/02/06 09:16:14,39,17
2015/02/06 09:26:14,39,17
2015/02/06 09:36:14,39,17
2015/02/06 09:46:15,39,17
2015/02/06 09:56:15,39,17
2015/02/06 10:06:16,39,17
2015/02/06 10:16:17,39,17
2015/02/06 10:26:17,39,17
2015/02/06 10:36:18,39,17
2015/02/06 10:46:18,39,17
2015/02/06 10:56:19,39,17
2015/02/06 11:06:19,39,17
2015/02/06 11:16:20,39,17
2015/02/06 11:26:20,39,17
2015/02/06 11:36:21,39,17
2015/02/06 11:46:21,39,17
2015/02/06 11:56:22,39,17
2015/02/06 12:06:22,39,17
2015/02/06 12:16:23,39,17
2015/02/06 12:26:23,39,17
2015/02/06 12:36:24,39,17
2015/02/06 12:46:25,39,17
2015/02/06 12:56:25,39,17
2015/02/06 13:06:25,39,17
2015/02/06 13:16:26,39,17
2015/02/06 13:26:27,39,17
2015/02/06 13:36:27,39,17
2015/02/06 13:46:28,39,17
2015/02/06 13:56:28,39,17
2015/02/06 14:06:29,39,18
2015/02/06 14:16:29,39,18
2015/02/06 14:26:30,39,18
2015/02/06 14:36:30,39,18
2015/02/06 14:46:31,39,18
2015/02/06 14:56:31,39,18
2015/02/06 15:06:32,39,18
2015/02/06 15:16:32,39,18
2015/02/06 15:26:33,39,18
2015/02/06 15:36:33,39,18
2015/02/06 15:46:34,39,18
2015/02/06 15:56:34,39,18
2015/02/06 16:06:35,39,18
2015/02/06 16:16:35,39,18
2015/02/06 16:26:36,39,18
2015/02/06 16:36:36,39,18
2015/02/06 16:46:37,39,18
2015/02/06 16:56:37,39,18
2015/02/06 17:06:38,39,18
2015/02/06 17:16:38,39,18
2015/02/06 17:26:39,39,18
2015/02/06 17:36:39,39,18
2015/02/06 17:46:40,39,18
2015/02/06 17:56:40,39,18
2015/02/06 18:06:41,39,18
2015/02/06 18:16:41,39,18
2015/02/06 18:26:42,39,18
2015/02/06 18:36:42,39,18
2015/02/06 18:46:43,39,18
2015/02/06 18:56:43,39,18
2015/02/06 19:06:44,39,18
2015/02/06 19:16:44,39,18
2015/02/06 19:26:45,39,18
2015/02/06 19:36:45,39,18
2015/02/06 19:46:46,39,18
2015/02/06 19:56:46,39,18
2015/02/06 20:06:47,39,18
2015/02/06 20:16:47,39,18
2015/02/06 20:26:48,39,18
2015/02/06 20:36:48,39,18
2015/02/06 20:46:49,39,18
2015/02/06 20:56:49,39,18
2015/02/06 21:06:50,39,18
2015/02/06 21:16:50,39,18
2015/02/06 21:26:51,39,18
2015/02/06 21:36:51,39,18
2015/02/06 21:46:52,39,18
2015/02/06 21:56:52,39,18
2015/02/06 22:06:53,39,18
2015/02/06 22:16:53,39,17
2015/02/06 22:26:54,39,17
2015/02/06 22:36:54,39,17
2015/02/06 22:46:55,39,17
2015/02/06 22:56:55,39,17
2015/02/06 23:06:56,39,17
2015/02/06 23:16:57,39,17
2015/02/06 23:26:57,39,17
2015/02/06 23:36:58,39,17
2015/02/06 23:46:58,39,17
2015/02/06 23:56:59,39,17
2015/02/07 00:06:59,39,17
2015/02/07 00:16:59,39,17
2015/02/07 00:27:00,39,17
2015/02/07 00:37:01,39,17
2015/02/07 00:47:01,39,17
2015/02/07 00:57:02,39,17
2015/02/07 01:07:02,39,17
2015/02/07 01:17:03,39,17
2015/02/07 01:27:03,39,17
2015/02/07 01:37:04,39,17
2015/02/07 01:47:04,39,17
2015/02/07 01:57:05,39,17
2015/02/07 02:07:05,39,17
2015/02/07 02:17:06,39,17
2015/02/07 02:27:06,39,17
2015/02/07 02:37:07,39,17
2015/02/07 02:47:07,39,17
2015/02/07 02:57:08,39,17
2015/02/07 03:07:08,39,17
2015/02/07 03:17:09,40,16
2015/02/07 03:27:09,39,17
2015/02/07 03:37:10,39,17
2015/02/07 03:47:11,39,17
2015/02/07 03:57:11,39,17
2015/02/07 04:07:12,39,17
2015/02/07 04:17:12,40,16
2015/02/07 04:27:13,40,16
2015/02/07 04:37:13,40,16
2015/02/07 04:47:14,40,16
2015/02/07 04:57:14,40,16
2015/02/07 05:07:15,40,16
2015/02/07 05:17:15,40,16
2015/02/07 05:27:16,40,16
2015/02/07 05:37:17,40,16
2015/02/07 05:47:17,40,16
2015/02/07 05:57:17,40,16
2015/02/07 06:07:18,39,17
2015/02/07 06:17:18,39,17
2015/02/07 06:27:19,39,17
2015/02/07 06:37:20,39,17
2015/02/07 06:47:21,39,17
2015/02/07 06:57:21,39,17
2015/02/07 07:07:22,39,17
2015/02/07 07:17:22,39,17
2015/02/07 07:27:23,39,17
2015/02/07 07:37:23,39,17
2015/02/07 07:47:24,39,17
2015/02/07 07:57:24,39,17
2015/02/07 08:07:25,39,17
2015/02/07 08:17:25,39,17
2015/02/07 08:27:26,39,17
2015/02/07 08:37:27,39,17
2015/02/07 08:47:27,39,17
2015/02/07 08:57:28,39,17
2015/02/07 09:07:28,39,17
2015/02/07 09:17:29,39,17
2015/02/07 09:27:29,39,17
2015/02/07 09:37:30,39,17
2015/02/07 09:47:30,39,17
2015/02/07 09:57:31,39,17
2015/02/07 10:07:31,39,17
2015/02/07 10:17:32,39,17
2015/02/07 10:27:32,39,17
2015/02/07 10:37:33,39,17
2015/02/07 10:47:33,39,17
2015/02/07 10:57:34,39,17
2015/02/07 11:07:34,39,17
2015/02/07 11:17:35,39,17
2015/02/07 11:27:35,39,17
2015/02/07 11:37:36,39,17
2015/02/07 11:47:36,39,17
2015/02/07 11:57:37,39,17
2015/02/07 12:07:37,39,17
2015/02/07 12:17:38,39,17
2015/02/07 12:27:38,39,17
2015/02/07 12:37:39,39,17
2015/02/07 12:47:39,39,17
2015/02/07 12:57:40,39,17
2015/02/07 13:07:40,39,18
2015/02/07 13:17:41,39,18
2015/02/07 13:27:41,39,18
2015/02/07 13:37:42,39,18
2015/02/07 13:47:42,39,18
2015/02/07 13:57:43,39,18
2015/02/07 14:07:43,39,18
2015/02/07 14:17:44,39,18
2015/02/07 14:27:44,39,18
2015/02/07 14:37:45,39,18
2015/02/07 14:47:45,39,17
2015/02/07 14:57:46,39,18
2015/02/07 15:07:46,39,17
2015/02/07 15:17:47,39,17
2015/02/07 15:27:47,39,17
2015/02/07 15:37:48,39,17
2015/02/07 15:47:48,39,17
2015/02/07 15:57:49,39,17
2015/02/07 16:07:49,39,17
2015/02/07 16:17:50,39,17
2015/02/07 16:27:51,39,17
2015/02/07 16:37:51,39,17
2015/02/07 16:47:51,39,17
2015/02/07 16:57:52,39,17
2015/02/07 17:07:53,39,17
2015/02/07 17:17:53,39,17
2015/02/07 17:27:54,39,17
2015/02/07 17:37:54,39,17
2015/02/07 17:47:55,39,18
2015/02/07 17:57:55,39,17
2015/02/07 18:07:56,39,17
2015/02/07 18:17:56,39,17
2015/02/07 18:27:57,39,17
2015/02/07 18:37:57,39,17
2015/02/07 18:47:58,39,17
2015/02/07 18:57:58,39,18
2015/02/07 19:07:59,39,18
2015/02/07 19:17:59,39,17
2015/02/07 19:28:00,39,18
2015/02/07 19:38:00,39,18
2015/02/07 19:48:01,39,18
2015/02/07 19:58:01,39,18
2015/02/07 20:08:02,39,18
2015/02/07 20:18:02,39,18
2015/02/07 20:28:03,39,18
2015/02/07 20:38:03,39,18
2015/02/07 20:48:04,39,18
2015/02/07 20:58:04,39,18
2015/02/07 21:08:05,39,18
2015/02/07 21:18:05,39,18
2015/02/07 21:28:06,39,18
2015/02/07 21:38:06,39,18
2015/02/07 21:48:07,39,18
2015/02/07 21:58:07,39,18
2015/02/07 22:08:08,39,17
2015/02/07 22:18:08,39,18
2015/02/07 22:28:09,39,17
2015/02/07 22:38:09,39,17
2015/02/07 22:48:10,39,17
2015/02/07 22:58:10,39,17
2015/02/07 23:08:11,39,17
2015/02/07 23:18:11,40,17
2015/02/07 23:28:12,39,17
2015/02/07 23:38:12,39,17
2015/02/07 23:48:13,39,18
2015/02/07 23:58:13,39,18
2015/02/08 00:08:14,40,17
2015/02/08 00:18:14,39,18
2015/02/08 00:28:15,39,18
2015/02/08 00:38:16,39,17
2015/02/08 00:48:16,39,17
2015/02/08 00:58:17,39,17
2015/02/08 01:08:17,39,17
2015/02/08 01:18:18,39,17
2015/02/08 01:28:18,39,17
2015/02/08 01:38:19,39,17
2015/02/08 01:48:19,39,17
2015/02/08 01:58:20,39,17
2015/02/08 02:08:20,39,17
2015/02/08 02:18:21,39,17
2015/02/08 02:28:21,39,17
2015/02/08 02:38:22,39,17
2015/02/08 02:48:22,39,17
2015/02/08 02:58:23,39,17
2015/02/08 03:08:23,39,17
2015/02/08 03:18:24,39,17
2015/02/08 03:28:24,39,17
2015/02/08 03:38:25,39,17
2015/02/08 03:48:25,39,17
2015/02/08 03:58:26,39,17
2015/02/08 04:08:27,39,17
2015/02/08 04:18:28,39,17
2015/02/08 04:28:28,40,16
2015/02/08 04:38:29,40,16
2015/02/08 04:48:29,40,16
2015/02/08 04:58:30,40,16
2015/02/08 05:08:30,40,16
2015/02/08 05:18:31,40,16
2015/02/08 05:28:31,40,16
2015/02/08 05:38:32,40,16
2015/02/08 05:48:32,40,16
2015/02/08 05:58:33,39,17
2015/02/08 06:08:33,39,17
2015/02/08 06:18:34,39,17
2015/02/08 06:28:35,39,17
2015/02/08 06:38:35,39,17
2015/02/08 06:48:36,39,17
2015/02/08 06:58:36,39,17
2015/02/08 07:08:37,39,17
2015/02/08 07:18:37,39,17
2015/02/08 07:28:38,39,17
2015/02/08 07:38:38,39,17
2015/02/08 07:48:39,39,17
2015/02/08 07:58:39,39,17
2015/02/08 08:08:40,39,17
2015/02/08 08:18:40,39,17
2015/02/08 08:28:41,39,17
2015/02/08 08:38:41,39,17
2015/02/08 08:48:42,39,17
2015/02/08 08:58:42,39,17
2015/02/08 09:08:43,39,17
2015/02/08 09:18:43,39,17
2015/02/08 09:28:44,39,17
2015/02/08 09:38:44,39,17
2015/02/08 09:48:45,39,17
2015/02/08 09:58:45,39,17
2015/02/08 10:08:46,39,17
2015/02/08 10:18:47,39,17
2015/02/08 10:28:47,39,17
2015/02/08 10:38:48,39,17
2015/02/08 10:48:48,39,17
2015/02/08 10:58:49,39,17
2015/02/08 11:08:49,39,17
2015/02/08 11:18:50,39,17
2015/02/08 11:28:50,39,17
2015/02/08 11:38:51,39,17
2015/02/08 11:48:51,39,17
2015/02/08 11:58:52,39,17
2015/02/08 12:08:52,39,17
2015/02/08 12:18:53,39,17
2015/02/08 12:28:53,39,17
2015/02/08 12:38:54,39,17
2015/02/08 12:48:54,39,17
2015/02/08 12:58:55,39,17
2015/02/08 13:08:55,39,17
2015/02/08 13:18:56,39,17
2015/02/08 13:28:56,40,16
2015/02/08 13:38:57,39,17
2015/02/08 13:48:57,39,17
2015/02/08 13:58:58,39,17
2015/02/08 14:08:58,39,17
2015/02/08 14:18:59,39,17
2015/02/08 14:28:59,39,17
2015/02/08 14:39:00,39,17
2015/02/08 14:49:00,39,17
2015/02/08 14:59:01,39,17
2015/02/08 15:09:01,40,17
2015/02/08 15:19:02,40,17
2015/02/08 15:29:02,41,17
2015/02/08 15:39:03,41,17
2015/02/08 15:49:03,42,17
2015/02/08 15:59:04,42,17
2015/02/08 16:09:04,42,17
2015/02/08 16:19:05,43,17
2015/02/08 16:29:05,44,16
2015/02/08 16:39:06,43,16
2015/02/08 16:49:06,43,16
2015/02/08 16:59:07,44,16
2015/02/08 17:09:07,43,16
2015/02/08 17:19:08,43,16
2015/02/08 17:29:08,44,16
2015/02/08 17:39:09,43,16
2015/02/08 17:49:09,43,16
2015/02/08 17:59:10,44,16
2015/02/08 18:09:10,43,16
2015/02/08 18:19:11,43,16
2015/02/08 18:29:11,44,16
2015/02/08 18:39:12,43,16
2015/02/08 18:49:12,42,16
2015/02/08 18:59:13,43,16
2015/02/08 19:09:13,47,16
2015/02/08 19:19:14,50,16
2015/02/08 19:29:14,51,16
2015/02/08 19:39:15,52,16
2015/02/08 19:49:15,53,16
2015/02/08 19:59:16,54,16
2015/02/08 20:09:16,56,16
2015/02/08 20:19:17,56,16
2015/02/08 20:29:17,57,16
2015/02/08 20:39:18,58,16
2015/02/08 20:49:18,57,17
2015/02/08 20:59:19,56,17
2015/02/08 21:09:19,55,16
2015/02/08 21:19:20,53,16
2015/02/08 21:29:20,52,17
2015/02/08 21:39:21,50,17
2015/02/08 21:49:21,50,17
2015/02/08 21:59:22,49,17
2015/02/08 22:09:22,48,17
2015/02/08 22:19:23,48,17
2015/02/08 22:29:23,47,17
2015/02/08 22:39:24,47,17
2015/02/08 22:49:25,46,17
2015/02/08 22:59:25,48,17
2015/02/08 23:09:26,49,17
2015/02/08 23:19:26,50,17
2015/02/08 23:29:27,50,17
2015/02/08 23:39:27,50,17
2015/02/08 23:49:28,50,17
2015/02/08 23:59:28,50,17
2015/02/09 00:09:29,50,17
2015/02/09 00:19:29,50,17
2015/02/09 00:29:30,51,16
2015/02/09 00:39:30,51,16
2015/02/09 00:49:31,51,16
2015/02/09 00:59:31,51,16
2015/02/09 01:09:32,51,16
2015/02/09 01:19:33,51,16
2015/02/09 01:29:33,51,16
2015/02/09 01:39:34,50,16
2015/02/09 01:49:34,51,16
2015/02/09 01:59:35,50,16
2015/02/09 02:09:35,50,16
2015/02/09 02:19:36,50,16
2015/02/09 02:29:36,50,16
2015/02/09 02:39:37,50,16
2015/02/09 02:49:37,50,16
2015/02/09 02:59:38,50,16
2015/02/09 03:09:38,50,16
2015/02/09 03:19:39,50,16
2015/02/09 03:29:39,50,16
2015/02/09 03:39:40,50,16
2015/02/09 03:49:40,49,16
2015/02/09 03:59:41,49,16
2015/02/09 04:09:41,49,16
2015/02/09 04:19:42,49,16
2015/02/09 04:29:42,49,16
2015/02/09 04:39:43,49,16
2015/02/09 04:49:43,49,16
2015/02/09 04:59:44,48,16
2015/02/09 05:09:44,48,16
2015/02/09 05:19:45,48,16
2015/02/09 05:29:45,48,16
2015/02/09 05:39:46,48,16
2015/02/09 05:49:46,47,16
2015/02/09 05:59:47,47,16
2015/02/09 06:09:47,48,16
2015/02/09 06:19:48,48,16
2015/02/09 06:29:48,48,16
2015/02/09 06:39:49,48,16
2015/02/09 06:49:50,48,16
2015/02/09 06:59:50,45,16
2015/02/09 07:09:51,44,17
2015/02/09 07:19:51,44,17
2015/02/09 07:29:52,43,17
2015/02/09 07:39:52,43,17
2015/02/09 07:49:53,43,18
2015/02/09 07:59:53,42,19
2015/02/09 08:09:54,42,20
2015/02/09 08:19:54,41,20
2015/02/09 08:29:55,40,20
2015/02/09 08:39:56,40,20
2015/02/09 08:49:56,39,21
2015/02/09 08:59:57,39,22
2015/02/09 09:09:57,39,22
2015/02/09 09:19:58,39,20
2015/02/09 09:29:58,40,20
2015/02/09 09:39:58,40,20
2015/02/09 09:49:59,40,19
2015/02/09 10:00:00,40,19
2015/02/09 10:10:00,40,19
2015/02/09 10:20:01,40,19
2015/02/09 10:30:01,40,19
2015/02/09 10:40:02,40,19
2015/02/09 10:50:02,40,19
2015/02/09 11:00:03,40,19
2015/02/09 11:10:03,40,19
2015/02/09 11:20:04,40,19
2015/02/09 11:30:04,40,19
2015/02/09 11:40:05,40,18
2015/02/09 11:50:05,40,18
2015/02/09 12:00:05,40,18
2015/02/09 12:10:06,40,18
2015/02/09 12:20:07,40,18
2015/02/09 12:30:07,40,18
2015/02/09 12:40:07,40,18
2015/02/09 12:50:08,40,18
2015/02/09 13:00:08,40,18
2015/02/09 13:10:09,40,18
2015/02/09 13:20:09,40,18
2015/02/09 13:30:10,40,18
2015/02/09 13:40:10,40,18
2015/02/09 13:50:11,40,18
2015/02/09 14:00:12,40,18
2015/02/09 14:10:12,40,18
2015/02/09 14:20:13,40,18
2015/02/09 14:30:13,40,18
2015/02/09 14:40:14,40,18
2015/02/09 14:50:14,40,18
2015/02/09 15:00:15,40,18
2015/02/09 15:10:15,40,18
2015/02/09 15:20:16,40,18
2015/02/09 15:30:16,40,18
2015/02/09 15:40:17,40,18
2015/02/09 15:50:17,40,18
2015/02/09 16:00:18,40,18
2015/02/09 16:10:18,40,18
2015/02/09 16:20:19,40,18
2015/02/09 16:30:19,40,18
2015/02/09 16:40:20,40,18
2015/02/09 16:50:20,40,18
2015/02/09 17:00:21,40,18
2015/02/09 17:10:22,40,18
2015/02/09 17:20:22,40,18
2015/02/09 17:30:23,40,18
2015/02/09 17:40:23,40,18
2015/02/09 17:50:24,40,18
2015/02/09 18:00:24,40,18
2015/02/09 18:10:25,40,18
2015/02/09 18:20:25,40,18
2015/02/09 18:30:25,40,18
2015/02/09 18:40:26,40,18
2015/02/09 18:50:27,40,18
2015/02/09 19:00:27,40,18
2015/02/09 19:10:28,40,18
2015/02/09 19:20:28,40,18
2015/02/09 19:30:29,39,18
2015/02/09 19:40:29,39,18
2015/02/09 19:50:30,40,18
2015/02/09 20:00:30,39,18
2015/02/09 20:10:31,40,18
2015/02/09 20:20:31,40,18
2015/02/09 20:30:32,40,18
2015/02/09 20:40:32,39,18
2015/02/09 20:50:33,39,18
2015/02/09 21:00:33,39,18
2015/02/09 21:10:34,39,18
2015/02/09 21:20:34,40,17
2015/02/09 21:30:35,39,18
2015/02/09 21:40:36,39,17
2015/02/09 21:50:36,39,18
2015/02/09 22:00:37,39,17
2015/02/09 22:10:37,39,17
2015/02/09 22:20:38,39,17
2015/02/09 22:30:38,39,17
2015/02/09 22:40:39,39,17
2015/02/09 22:50:40,39,17
2015/02/09 23:00:40,39,17
2015/02/09 23:10:41,39,17
2015/02/10 20:59:48,39,17
2015/02/10 21:09:49,39,17
2015/02/10 21:19:49,40,17
2015/02/10 21:29:50,39,18
2015/02/10 21:39:50,39,18
2015/02/10 21:49:51,39,18
2015/02/10 21:59:51,39,18
2015/02/10 22:09:52,39,18
2015/02/10 22:19:52,40,18
2015/02/10 22:29:53,39,18
2015/02/10 22:39:53,39,18
2015/02/10 22:49:54,39,18
2015/02/10 22:59:54,39,18
2015/02/10 23:09:55,39,18
2015/02/11 21:08:46,39,18
2015/02/11 21:18:46,39,18
2015/02/11 21:28:47,39,18
2015/02/11 21:38:48,39,18
2015/02/11 21:48:48,39,18
2015/02/11 21:58:49,39,18
2015/02/11 22:08:49,39,18
2015/02/11 22:18:50,39,18
2015/02/11 22:28:50,39,18
2015/02/12 19:56:04,39,18
2015/02/12 20:06:04,38,19
2015/02/12 20:16:05,38,19
2015/02/12 20:26:06,38,19
2015/02/12 20:36:06,38,19
2015/02/12 20:46:07,38,19
2015/02/12 20:56:07,38,19
2015/02/12 21:06:08,38,19
2015/02/12 21:16:08,38,19
2015/02/12 21:26:09,38,19
2015/02/12 21:36:09,38,19
2015/02/12 21:46:10,38,19
2015/02/12 21:56:10,38,19
2015/02/13 21:09:42,39,18
2015/02/13 21:19:42,39,18
2015/02/13 21:29:43,39,18
2015/02/13 21:39:43,39,18
2015/02/13 21:49:44,39,18
2015/02/13 21:59:44,39,18
2015/02/14 20:54:48,39,18
2015/02/14 21:04:49,39,18
2015/02/14 21:14:49,39,18
2015/02/14 21:24:50,39,18
2015/02/14 21:34:50,39,18
2015/02/14 21:44:51,39,18
2015/02/14 21:54:51,39,18
2015/02/14 22:04:52,39,18
2015/02/14 22:14:52,39,18
2015/02/14 22:24:53,39,18
2015/02/14 22:34:54,39,18
2015/02/14 22:44:54,39,18
2015/02/14 22:54:55,39,18
2015/02/14 23:04:55,39,18
2015/02/15 20:40:18,40,18
2015/02/15 20:50:19,39,18
2015/02/15 21:00:19,39,18
2015/02/15 21:10:20,39,18
2015/02/15 21:20:20,39,18
2015/02/15 21:30:21,39,18
2015/02/15 21:40:21,39,18
2015/02/15 21:50:22,39,18
2015/02/15 22:00:22,39,18
2015/02/15 22:10:23,39,18
2015/02/15 22:20:23,40,18
2015/02/15 22:30:24,39,18
2015/02/16 21:12:06,63,17
2015/02/16 21:22:07,62,17
2015/02/16 21:32:08,61,17
2015/02/16 21:42:08,60,17
2015/02/16 21:52:09,59,18
2015/02/16 22:02:09,59,18
2015/02/16 22:12:10,59,17
2015/02/16 22:22:10,59,18
2015/02/16 22:32:11,59,17
2015/02/16 22:42:11,59,17
2015/02/16 22:52:12,59,18
2015/02/16 23:02:13,59,17
2015/02/16 23:12:13,59,17
2015/02/16 23:22:14,59,17
2015/02/16 23:32:14,59,17
2015/02/17 21:20:09,44,17
2015/02/17 21:30:09,43,18
2015/02/17 21:40:10,43,18
2015/02/17 21:50:10,43,18
2015/02/17 22:00:11,43,18
2015/02/17 22:10:11,43,18
2015/02/17 22:20:12,43,18
2015/02/17 22:30:12,43,18
2015/02/17 22:40:13,43,18
2015/02/17 22:50:14,43,18
2015/02/18 21:31:06,48,16
2015/02/18 21:41:07,46,17
2015/02/18 21:51:07,44,17
2015/02/18 22:01:08,44,17
2015/02/18 22:11:08,44,17
2015/02/18 22:21:09,43,17
2015/02/18 22:31:09,43,17
2015/02/18 22:41:10,43,17
2015/02/18 22:51:10,43,17
2015/02/18 23:01:11,43,17
2015/02/18 23:11:11,43,17
2015/02/18 23:21:12,43,17
2015/02/19 20:24:35,40,18
2015/02/19 20:34:35,40,18
2015/02/19 20:44:36,40,18
2015/02/19 20:54:36,39,18
2015/02/19 21:04:37,40,18
2015/02/19 21:14:37,39,18
2015/02/19 21:24:38,40,18
2015/02/19 21:34:38,40,18
2015/02/19 21:44:39,39,18
2015/02/19 21:54:39,39,18
2015/02/19 22:04:40,39,18
2015/02/19 22:14:40,39,18
2015/02/19 22:24:41,39,18
2015/02/19 22:34:41,40,18
2015/02/19 22:44:42,40,18
2015/02/19 22:54:42,39,18
2015/02/19 23:04:43,39,18
2015/02/19 23:14:44,40,18
2015/02/19 23:24:44,40,18
2015/02/19 23:34:45,39,18
2015/02/19 23:44:46,39,18
2015/02/19 23:54:46,39,18
2015/02/20 20:46:24,39,18
2015/02/20 20:56:25,39,18
2015/02/20 21:06:25,39,18
2015/02/20 21:16:26,39,18
2015/02/20 21:26:27,38,19
2015/02/20 21:36:27,38,19
2015/02/20 21:46:28,38,19
2015/02/20 21:56:29,38,19
2015/02/20 22:06:29,38,19
2015/02/20 22:16:30,38,19
2015/02/20 22:26:30,39,19
2015/02/20 22:36:31,38,19
2015/02/20 22:46:31,39,18
2015/02/20 22:56:32,39,18
2015/02/20 23:06:32,39,18
2015/02/21 19:08:05,39,18
2015/02/21 19:18:06,39,18
2015/02/21 19:28:06,39,18
2015/02/21 19:38:07,39,18
2015/02/21 19:48:07,40,18
2015/02/21 19:58:08,39,18
2015/02/21 20:08:08,39,18
2015/02/21 20:18:09,39,18
2015/02/21 20:28:09,39,18
2015/02/21 20:38:10,39,18
2015/02/21 20:48:11,39,18
2015/02/21 20:58:11,39,18
2015/02/21 21:08:12,39,18
2015/02/21 21:18:12,39,18
2015/02/21 21:28:13,39,18
2015/02/21 21:38:13,39,18
2015/02/21 21:48:14,39,18
2015/02/21 21:58:14,39,18
2015/02/22 12:55:21,39,18
2015/02/22 13:05:22,39,18
2015/02/22 13:15:23,39,18
2015/02/22 13:25:23,39,18
2015/02/22 13:35:24,39,18
2015/02/22 13:45:24,39,18
2015/02/22 13:55:25,39,18
2015/02/22 14:05:25,39,18
2015/02/22 14:15:26,39,18
2015/02/22 14:25:26,39,18
2015/02/22 14:35:27,39,18
2015/02/22 14:45:27,39,17
2015/02/22 14:55:28,39,17
2015/02/22 15:05:29,39,17
2015/02/22 15:15:29,39,17
2015/02/22 15:25:30,39,17
2015/02/22 15:35:30,39,18
2015/02/22 15:45:31,39,18
2015/02/22 15:55:31,39,18
2015/02/22 16:05:32,39,18
2015/02/22 16:15:32,39,18
2015/02/22 16:25:33,39,18
2015/02/22 16:35:33,39,18
2015/02/22 16:45:34,39,18
2015/02/22 16:55:34,39,18
2015/02/22 17:05:35,39,18
2015/02/22 17:15:35,39,18
2015/02/22 17:25:36,39,18
2015/02/22 17:35:36,39,18
2015/02/22 17:45:37,39,18
2015/02/22 17:55:37,39,18
2015/02/22 18:05:38,39,18
2015/02/22 18:15:39,39,18
2015/02/22 18:25:39,39,18
2015/02/22 18:35:40,39,18
2015/02/22 18:45:40,39,18
2015/02/22 18:55:41,40,18
2015/02/22 19:05:41,39,18
2015/02/22 19:15:42,39,18
2015/02/22 19:25:42,39,18
2015/02/22 19:35:43,39,18
2015/02/22 19:45:43,39,18
2015/02/22 19:55:44,39,18
